{
    "name": "root",
    "gauges": {
        "Thesis.Policy.Entropy.mean": {
            "value": 0.022869564592838287,
            "min": 0.020507797598838806,
            "max": 1.3797491788864136,
            "count": 351
        },
        "Thesis.Policy.ExtrinsicValueEstimate.mean": {
            "value": 2.1575262546539307,
            "min": -0.047837793827056885,
            "max": 2.3121399879455566,
            "count": 351
        },
        "Thesis.Losses.ValueLoss.mean": {
            "value": 0.29518061876296997,
            "min": 0.0033073590602725744,
            "max": 0.4746159017086029,
            "count": 351
        },
        "Thesis.Losses.PolicyLoss.mean": {
            "value": 0.025731399655342102,
            "min": 0.010017091408371925,
            "max": 0.028887109830975533,
            "count": 351
        },
        "Thesis.Policy.LearningRate.mean": {
            "value": 8.969402551883832e-05,
            "min": 8.969402551883832e-05,
            "max": 0.00029969282331876457,
            "count": 351
        },
        "Thesis.Policy.Epsilon.mean": {
            "value": 0.12989799678325653,
            "min": 0.12989799678325653,
            "max": 0.19989760220050812,
            "count": 351
        },
        "Thesis.Policy.Beta.mean": {
            "value": 0.00030599001911468804,
            "min": 0.00030599001911468804,
            "max": 0.0009989863028749824,
            "count": 351
        },
        "Thesis.IsTraining.mean": {
            "value": 1.0,
            "min": 1.0,
            "max": 1.0,
            "count": 351
        },
        "Thesis.Environment.EpisodeLength.mean": {
            "value": 999.0,
            "min": 998.05,
            "max": 999.0,
            "count": 175
        },
        "Thesis.Environment.CumulativeReward.mean": {
            "value": 21.750002844259143,
            "min": -0.2499999012798071,
            "max": 23.000002581626177,
            "count": 175
        },
        "Thesis.Policy.ExtrinsicReward.mean": {
            "value": 21.750002844259143,
            "min": -0.2499999012798071,
            "max": 23.000002581626177,
            "count": 175
        }
    },
    "metadata": {
        "timer_format_version": "0.1.0",
        "start_time_seconds": "1604499456",
        "python_version": "3.6.9 (default, Apr 18 2020, 01:56:04) \n[GCC 8.4.0]",
        "command_line_arguments": "/usr/local/bin/mlagents-learn Thesis.yaml --run-id=final_1.3",
        "mlagents_version": "0.18.0",
        "mlagents_envs_version": "0.18.0",
        "communication_protocol_version": "1.0.0",
        "tensorflow_version": "1.14.0",
        "end_time_seconds": "1604504463"
    },
    "total": 5007.068933939001,
    "count": 1,
    "self": 0.003536268999596359,
    "children": {
        "run_training.setup": {
            "total": 0.01916469000207144,
            "count": 1,
            "self": 0.01916469000207144
        },
        "TrainerController.start_learning": {
            "total": 5007.046232979999,
            "count": 1,
            "self": 117.54085166448203,
            "children": {
                "TrainerController._reset_env": {
                    "total": 4.246792722999089,
                    "count": 1,
                    "self": 4.246792722999089
                },
                "TrainerController.advance": {
                    "total": 4885.1110220495175,
                    "count": 175552,
                    "self": 2.4024977332301205,
                    "children": {
                        "env_step": {
                            "total": 4882.708524316287,
                            "count": 175552,
                            "self": 4616.876552302965,
                            "children": {
                                "SubprocessEnvManager._take_step": {
                                    "total": 263.2227019446145,
                                    "count": 175552,
                                    "self": 6.9321096307830885,
                                    "children": {
                                        "NNPolicy.evaluate": {
                                            "total": 256.29059231383144,
                                            "count": 175552,
                                            "self": 256.29059231383144
                                        }
                                    }
                                },
                                "workers": {
                                    "total": 2.6092700687077013,
                                    "count": 175551,
                                    "self": 0.0,
                                    "children": {
                                        "worker_root": {
                                            "total": 4999.056453166824,
                                            "count": 175551,
                                            "is_parallel": true,
                                            "self": 768.2014563843586,
                                            "children": {
                                                "run_training.setup": {
                                                    "total": 0.0,
                                                    "count": 0,
                                                    "is_parallel": true,
                                                    "self": 0.0,
                                                    "children": {
                                                        "steps_from_proto": {
                                                            "total": 0.0005004309969081078,
                                                            "count": 1,
                                                            "is_parallel": true,
                                                            "self": 0.0002373709976382088,
                                                            "children": {
                                                                "_process_vector_observation": {
                                                                    "total": 0.000263059999269899,
                                                                    "count": 2,
                                                                    "is_parallel": true,
                                                                    "self": 0.000263059999269899
                                                                }
                                                            }
                                                        },
                                                        "UnityEnvironment.step": {
                                                            "total": 0.04986864400052582,
                                                            "count": 1,
                                                            "is_parallel": true,
                                                            "self": 0.0005464410023705568,
                                                            "children": {
                                                                "UnityEnvironment._generate_step_input": {
                                                                    "total": 0.00013898099859943613,
                                                                    "count": 1,
                                                                    "is_parallel": true,
                                                                    "self": 0.00013898099859943613
                                                                },
                                                                "communicator.exchange": {
                                                                    "total": 0.04717406799682067,
                                                                    "count": 1,