{
    "name": "root",
    "gauges": {
        "Thesis.Policy.Entropy.mean": {
            "value": 5.920156955718994,
            "min": 5.643506050109863,
            "max": 9.50269889831543,
            "count": 81
        },
        "Thesis.Policy.ExtrinsicValueEstimate.mean": {
            "value": -0.028732867911458015,
            "min": -0.8278446197509766,
            "max": 2.142810344696045,
            "count": 81
        },
        "Thesis.Losses.ValueLoss.mean": {
            "value": 0.03514925763010979,
            "min": 0.026386860758066177,
            "max": 0.498467355966568,
            "count": 81
        },
        "Thesis.Losses.PolicyLoss.mean": {
            "value": 0.022069178521633148,
            "min": 0.012293852865695953,
            "max": 0.027406038716435432,
            "count": 81
        },
        "Thesis.Policy.LearningRate.mean": {
            "value": 0.00025165267288684845,
            "min": 0.00025165267288684845,
            "max": 0.0002996506809722632,
            "count": 81
        },
        "Thesis.Policy.Epsilon.mean": {
            "value": 0.18388423323631287,
            "min": 0.18388423323631287,
            "max": 0.19988355040550232,
            "count": 81
        },
        "Thesis.Policy.Beta.mean": {
            "value": 0.00042103268788196146,
            "min": 0.00042103268788196146,
            "max": 0.0004994294722564518,
            "count": 81
        },
        "Thesis.Environment.EpisodeLength.mean": {
            "value": 999.0,
            "min": 998.625,
            "max": 999.0,
            "count": 81
        },
        "Thesis.Environment.CumulativeReward.mean": {
            "value": 1.210719347000122e-07,
            "min": -0.33333326627810794,
            "max": 2.250000466282169,
            "count": 81
        },
        "Thesis.Policy.ExtrinsicReward.mean": {
            "value": 1.210719347000122e-07,
            "min": -0.33333326627810794,
            "max": 2.250000466282169,
            "count": 81
        },
        "Thesis.IsTraining.mean": {
            "value": 1.0,
            "min": 1.0,
            "max": 1.0,
            "count": 81
        }
    },
    "metadata": {
        "timer_format_version": "0.1.0",
        "start_time_seconds": "1605533274",
        "python_version": "3.6.9 (default, Apr 18 2020, 01:56:04) \n[GCC 8.4.0]",
        "command_line_arguments": "/usr/local/bin/mlagents-learn Thesis.yaml --run-id=position_information/3.9",
        "mlagents_version": "0.18.0",
        "mlagents_envs_version": "0.18.0",
        "communication_protocol_version": "1.0.0",
        "tensorflow_version": "1.14.0",
        "end_time_seconds": "1605537096"
    },
    "total": 3821.9327499739993,
    "count": 1,
    "self": 0.00357119999898714,
    "children": {
        "run_training.setup": {
            "total": 0.017797505999624263,
            "count": 1,
            "self": 0.017797505999624263
        },
        "TrainerController.start_learning": {
            "total": 3821.9113812680007,
            "count": 1,
            "self": 70.29256445610736,
            "children": {
                "TrainerController._reset_env": {
                    "total": 4.0486018159990635,
                    "count": 1,
                    "self": 4.0486018159990635
                },
                "TrainerController.advance": {
                    "total": 3747.0679343678876,
                    "count": 202846,
                    "self": 2.6731557725706807,
                    "children": {
                        "env_step": {
                            "total": 3744.394778595317,
                            "count": 202846,
                            "self": 3402.2126224849417,
                            "children": {
                                "SubprocessEnvManager._take_step": {
                                    "total": 339.3230630647795,
                                    "count": 202846,
                                    "self": 5.944682777646449,
                                    "children": {
                                        "NNPolicy.evaluate": {
                                            "total": 333.37838028713304,
                                            "count": 202846,
                                            "self": 333.37838028713304
                                        }
                                    }
                                },
                                "workers": {
                                    "total": 2.8590930455957277,
                                    "count": 202845,
                                    "self": 0.0,
                                    "children": {
                                        "worker_root": {
                                            "total": 3811.248207588116,
                                            "count": 202845,
                                            "is_parallel": true,
                                            "self": 689.4218122465318,
                                            "children": {
                                                "run_training.setup": {
                                                    "total": 0.0,
                                                    "count": 0,
                                                    "is_parallel": true,
                                                    "self": 0.0,
                                                    "children": {
                                                        "steps_from_proto": {
                                                            "total": 0.0010401600011391565,
                                                            "count": 1,
                                                            "is_parallel": true,
                                                            "self": 0.0004966499982401729,
                                                            "children": {
                                                                "_process_vector_observation": {
                                                                    "total": 0.0005435100028989837,
                                                                    "count": 12,
                                                                    "is_parallel": true,
                                                                    "self": 0.0005435100028989837
                                                                }
                                                            }
                                                        },
                                                        "UnityEnvironment.step": {
                                                            "total": 0.02759318400057964,
                                                            "count": 1,
                                                            "is_parallel": true,
                                                            "self": 0.00040253999941342045,
                                                            "children": {
                                                                "UnityEnvironment._generate_step_input": {
                                                                    "total": 0.00015033000090625137,
                                                                    "count": 1,
                                                                    "is_parallel": true,
                                                                    "self": 0.00015033000090625137
                                                                },
                                                                "communicator.exchange": {
                                                                    "total": 0.024739391999901272,
                                                                    "count": 1,