{
    "name": "root",
    "gauges": {
        "Thesis.Policy.Entropy.mean": {
            "value": 1.3657060861587524,
            "min": 1.3449738025665283,
            "max": 1.3849838972091675,
            "count": 77
        },
        "Thesis.Policy.ExtrinsicValueEstimate.mean": {
            "value": 0.264352023601532,
            "min": -1.2751576900482178,
            "max": 0.32692769169807434,
            "count": 77
        },
        "Thesis.IsTraining.mean": {
            "value": 1.0,
            "min": 1.0,
            "max": 1.0,
            "count": 77
        },
        "Thesis.Losses.ValueLoss.mean": {
            "value": 0.029544642195105553,
            "min": 0.008917137049138546,
            "max": 0.16755975782871246,
            "count": 55
        },
        "Thesis.Losses.PolicyLoss.mean": {
            "value": 0.015872353687882423,
            "min": 0.010610109195113182,
            "max": 0.024795090779662132,
            "count": 55
        },
        "Thesis.Policy.LearningRate.mean": {
            "value": 0.00027701363433152437,
            "min": 0.00027701363433152437,
            "max": 0.00029967742739245296,
            "count": 55
        },
        "Thesis.Policy.Epsilon.mean": {
            "value": 0.10000000149011612,
            "min": 0.10000000149011612,
            "max": 0.10000000894069672,
            "count": 55
        },
        "Thesis.Policy.Beta.mean": {
            "value": 9.310408495366573e-05,
            "min": 9.310408495366573e-05,
            "max": 9.990321996156126e-05,
            "count": 55
        },
        "Thesis.Environment.EpisodeLength.mean": {
            "value": 999.0,
            "min": 998.0357142857143,
            "max": 999.0,
            "count": 37
        },
        "Thesis.Environment.CumulativeReward.mean": {
            "value": 1.384615843112652,
            "min": -1.0000000596046448,
            "max": 5.000000953674316,
            "count": 59
        },
        "Thesis.Policy.ExtrinsicReward.mean": {
            "value": 1.384615843112652,
            "min": -1.0000000596046448,
            "max": 5.000000953674316,
            "count": 59
        }
    },
    "metadata": {
        "timer_format_version": "0.1.0",
        "start_time_seconds": "1603973270",
        "python_version": "3.6.9 (default, Apr 18 2020, 01:56:04) \n[GCC 8.4.0]",
        "command_line_arguments": "/usr/local/bin/mlagents-learn Thesis.yaml --run-id=MultiBrainAgent_10msteps_badfood_withScout_4arenas_sizeOfMemory10_v10",
        "mlagents_version": "0.18.0",
        "mlagents_envs_version": "0.18.0",
        "communication_protocol_version": "1.0.0",
        "tensorflow_version": "1.14.0",
        "end_time_seconds": "1603974372"
    },
    "total": 1102.9040686710014,
    "count": 1,
    "self": 0.0040353469994443,
    "children": {
        "run_training.setup": {
            "total": 0.02108105700062879,
            "count": 1,
            "self": 0.02108105700062879
        },
        "TrainerController.start_learning": {
            "total": 1102.8789522670013,
            "count": 1,
            "self": 21.785086055089778,
            "children": {
                "TrainerController._reset_env": {
                    "total": 5.322729213999992,
                    "count": 1,
                    "self": 5.322729213999992
                },
                "TrainerController.advance": {
                    "total": 1075.562642549914,
                    "count": 27641,
                    "self": 0.39974214873655,
                    "children": {
                        "env_step": {
                            "total": 1075.1629004011775,
                            "count": 27641,
                            "self": 1016.4151816502581,
                            "children": {
                                "SubprocessEnvManager._take_step": {
                                    "total": 58.32640058395555,
                                    "count": 27641,
                                    "self": 1.2766934638548264,
                                    "children": {
                                        "NNPolicy.evaluate": {
                                            "total": 57.04970712010072,
                                            "count": 27641,
                                            "self": 57.04970712010072
                                        }
                                    }
                                },
                                "workers": {
                                    "total": 0.42131816696382884,
                                    "count": 27640,
                                    "self": 0.0,
                                    "children": {
                                        "worker_root": {
                                            "total": 1100.9794506738417,
                                            "count": 27640,
                                            "is_parallel": true,
                                            "self": 164.4409049489168,
                                            "children": {
                                                "run_training.setup": {
                                                    "total": 0.0,
                                                    "count": 0,
                                                    "is_parallel": true,
                                                    "self": 0.0,
                                                    "children": {
                                                        "steps_from_proto": {
                                                            "total": 0.0006167910014482914,
                                                            "count": 1,
                                                            "is_parallel": true,
                                                            "self": 0.00024512000345566776,
                                                            "children": {
                                                                "_process_vector_observation": {
                                                                    "total": 0.0003716709979926236,
                                                                    "count": 4,
                                                                    "is_parallel": true,
                                                                    "self": 0.0003716709979926236
                                                                }
                                                            }
                                                        },
                                                        "UnityEnvironment.step": {
                                                            "total": 0.05578380400038441,
                                                            "count": 1,
                                                            "is_parallel": true,
                                                            "self": 0.0007018630003585713,
                                                            "children": {
                                                                "UnityEnvironment._generate_step_input": {
                                                                    "total": 0.00014163999912852887,
                                                                    "count": 1,
                                                                    "is_parallel": true,
                                                                    "self": 0.00014163999912852887
                                                                },
                                                                "communicator.exchange": {
                                                                    "total": 0.051808665000862675,
                                                                    "count": 1,