{
    "name": "root",
    "gauges": {
        "Thesis.Policy.Entropy.mean": {
            "value": 0.006955084390938282,
            "min": 0.0010394203709438443,
            "max": 0.5322908163070679,
            "count": 106
        },
        "Thesis.Policy.ExtrinsicValueEstimate.mean": {
            "value": -0.8342178463935852,
            "min": -0.8983462452888489,
            "max": 57.507625579833984,
            "count": 106
        },
        "Thesis.IsTraining.mean": {
            "value": 1.0,
            "min": 1.0,
            "max": 1.0,
            "count": 106
        },
        "Thesis.Losses.ValueLoss.mean": {
            "value": 0.11012614518404007,
            "min": 0.030217310413718224,
            "max": 157.9125213623047,
            "count": 75
        },
        "Thesis.Losses.PolicyLoss.mean": {
            "value": 0.012983502820134163,
            "min": 0.010421084240078926,
            "max": 0.0633038580417633,
            "count": 75
        },
        "Thesis.Policy.LearningRate.mean": {
            "value": 8.951740892371163e-05,
            "min": 8.951740892371163e-05,
            "max": 9.9874559964519e-05,
            "count": 75
        },
        "Thesis.Policy.Epsilon.mean": {
            "value": 0.10000000149011612,
            "min": 0.10000000149011612,
            "max": 0.10000000149011612,
            "count": 75
        },
        "Thesis.Policy.Beta.mean": {
            "value": 9.056564886122942e-05,
            "min": 9.056564886122942e-05,
            "max": 9.988711099140346e-05,
            "count": 75
        },
        "Thesis.Environment.EpisodeLength.mean": {
            "value": 999.0,
            "min": 998.0357142857143,
            "max": 999.0,
            "count": 46
        },
        "Thesis.Environment.CumulativeReward.mean": {
            "value": -1.0000000596046448,
            "min": -1.0000000596046448,
            "max": 0.1111112932364146,
            "count": 60
        },
        "Thesis.Policy.ExtrinsicReward.mean": {
            "value": -1.0000000596046448,
            "min": -1.0000000596046448,
            "max": 0.1111112932364146,
            "count": 60
        }
    },
    "metadata": {
        "timer_format_version": "0.1.0",
        "start_time_seconds": "1603963104",
        "python_version": "3.6.9 (default, Apr 18 2020, 01:56:04) \n[GCC 8.4.0]",
        "command_line_arguments": "/usr/local/bin/mlagents-learn Thesis.yaml --run-id=MultiBrainAgent_10msteps_badfood_withScout_4arenas_sizeOfMemory10_v7",
        "mlagents_version": "0.18.0",
        "mlagents_envs_version": "0.18.0",
        "communication_protocol_version": "1.0.0",
        "tensorflow_version": "1.14.0",
        "end_time_seconds": "1603964569"
    },
    "total": 1465.600566833,
    "count": 1,
    "self": 0.003493654999147111,
    "children": {
        "run_training.setup": {
            "total": 0.017450023000492365,
            "count": 1,
            "self": 0.017450023000492365
        },
        "TrainerController.start_learning": {
            "total": 1465.5796231550003,
            "count": 1,
            "self": 28.779076756811264,
            "children": {
                "TrainerController._reset_env": {
                    "total": 5.508304386999953,
                    "count": 1,
                    "self": 5.508304386999953
                },
                "TrainerController.advance": {
                    "total": 1431.1203240031891,
                    "count": 38133,
                    "self": 0.6277955792411376,
                    "children": {
                        "env_step": {
                            "total": 1430.492528423948,
                            "count": 38133,
                            "self": 1347.8969177798463,
                            "children": {
                                "SubprocessEnvManager._take_step": {
                                    "total": 82.00031355404462,
                                    "count": 38133,
                                    "self": 1.806709099919317,
                                    "children": {
                                        "NNPolicy.evaluate": {
                                            "total": 80.1936044541253,
                                            "count": 38133,
                                            "self": 80.1936044541253
                                        }
                                    }
                                },
                                "workers": {
                                    "total": 0.5952970900571017,
                                    "count": 38132,
                                    "self": 0.0,
                                    "children": {
                                        "worker_root": {
                                            "total": 1463.4721944318744,
                                            "count": 38132,
                                            "is_parallel": true,
                                            "self": 225.5753694648729,
                                            "children": {
                                                "run_training.setup": {
                                                    "total": 0.0,
                                                    "count": 0,
                                                    "is_parallel": true,
                                                    "self": 0.0,
                                                    "children": {
                                                        "steps_from_proto": {
                                                            "total": 0.0011485359991638688,
                                                            "count": 1,
                                                            "is_parallel": true,
                                                            "self": 0.0005442119982035365,
                                                            "children": {
                                                                "_process_vector_observation": {
                                                                    "total": 0.0006043240009603323,
                                                                    "count": 4,
                                                                    "is_parallel": true,
                                                                    "self": 0.0006043240009603323
                                                                }
                                                            }
                                                        },
                                                        "UnityEnvironment.step": {
                                                            "total": 0.05067668599986064,
                                                            "count": 1,
                                                            "is_parallel": true,
                                                            "self": 0.0004127120000703144,
                                                            "children": {
                                                                "UnityEnvironment._generate_step_input": {
                                                                    "total": 0.00011126099980174331,
                                                                    "count": 1,
                                                                    "is_parallel": true,
                                                                    "self": 0.00011126099980174331
                                                                },
                                                                "communicator.exchange": {
                                                                    "total": 0.04843511400031275,
                                                                    "count": 1,