{
    "name": "root",
    "gauges": {
        "Thesis.Policy.Entropy.mean": {
            "value": 0.04089351370930672,
            "min": 0.02824169211089611,
            "max": 1.3776735067367554,
            "count": 215
        },
        "Thesis.Policy.ExtrinsicValueEstimate.mean": {
            "value": 2.0259034633636475,
            "min": -0.018800850957632065,
            "max": 2.2357375621795654,
            "count": 215
        },
        "Thesis.Losses.ValueLoss.mean": {
            "value": 0.7254617810249329,
            "min": 0.040093082934617996,
            "max": 1.0785750150680542,
            "count": 215
        },
        "Thesis.Losses.PolicyLoss.mean": {
            "value": 0.022308049723505974,
            "min": 0.01129581406712532,
            "max": 0.029917113482952118,
            "count": 215
        },
        "Thesis.Policy.LearningRate.mean": {
            "value": 0.00017129401385318488,
            "min": 0.00017129401385318488,
            "max": 0.00029969282331876457,
            "count": 215
        },
        "Thesis.Policy.Epsilon.mean": {
            "value": 0.1570979803800583,
            "min": 0.1570979803800583,
            "max": 0.19989760220050812,
            "count": 215
        },
        "Thesis.Policy.Beta.mean": {
            "value": 0.0005752700963057578,
            "min": 0.0005752700963057578,
            "max": 0.0009989863028749824,
            "count": 215
        },
        "Thesis.IsTraining.mean": {
            "value": 1.0,
            "min": 1.0,
            "max": 1.0,
            "count": 215
        },
        "Thesis.Environment.EpisodeLength.mean": {
            "value": 999.0,
            "min": 998.05,
            "max": 999.0,
            "count": 107
        },
        "Thesis.Environment.CumulativeReward.mean": {
            "value": 20.250004722177984,
            "min": -0.4990497827529907,
            "max": 21.750005016475917,
            "count": 107
        },
        "Thesis.Policy.ExtrinsicReward.mean": {
            "value": 20.250004722177984,
            "min": -0.4990497827529907,
            "max": 21.750005016475917,
            "count": 107
        }
    },
    "metadata": {
        "timer_format_version": "0.1.0",
        "start_time_seconds": "1606495109",
        "python_version": "3.6.9 (default, Apr 18 2020, 01:56:04) \n[GCC 8.4.0]",
        "command_line_arguments": "/usr/local/bin/mlagents-learn Thesis.yaml --run-id=bad_food_capacity_10/2.0",
        "mlagents_version": "0.18.0",
        "mlagents_envs_version": "0.18.0",
        "communication_protocol_version": "1.0.0",
        "tensorflow_version": "1.14.0",
        "end_time_seconds": "1606499028"
    },
    "total": 3918.8377215250002,
    "count": 1,
    "self": 0.003480567003862234,
    "children": {
        "run_training.setup": {
            "total": 0.017170653998618945,
            "count": 1,
            "self": 0.017170653998618945
        },
        "TrainerController.start_learning": {
            "total": 3918.8170703039978,
            "count": 1,
            "self": 70.26822756911861,
            "children": {
                "TrainerController._reset_env": {
                    "total": 3.783850898002129,
                    "count": 1,
                    "self": 3.783850898002129
                },
                "TrainerController.advance": {
                    "total": 3844.5901921938785,
                    "count": 107873,
                    "self": 1.415885638929467,
                    "children": {
                        "env_step": {
                            "total": 3843.174306554949,
                            "count": 107873,
                            "self": 3679.279747800414,
                            "children": {
                                "SubprocessEnvManager._take_step": {
                                    "total": 162.34586155187208,
                                    "count": 107873,
                                    "self": 4.088929972600454,
                                    "children": {
                                        "NNPolicy.evaluate": {
                                            "total": 158.25693157927162,
                                            "count": 107873,
                                            "self": 158.25693157927162
                                        }
                                    }
                                },
                                "workers": {
                                    "total": 1.5486972026628791,
                                    "count": 107872,
                                    "self": 0.0,
                                    "children": {
                                        "worker_root": {
                                            "total": 3913.9142632935946,
                                            "count": 107872,
                                            "is_parallel": true,
                                            "self": 464.88888155099994,
                                            "children": {
                                                "run_training.setup": {
                                                    "total": 0.0,
                                                    "count": 0,
                                                    "is_parallel": true,
                                                    "self": 0.0,
                                                    "children": {
                                                        "steps_from_proto": {
                                                            "total": 0.0011011700007657055,
                                                            "count": 1,
                                                            "is_parallel": true,
                                                            "self": 0.0005004400045436341,
                                                            "children": {
                                                                "_process_vector_observation": {
                                                                    "total": 0.0006007299962220713,
                                                                    "count": 4,
                                                                    "is_parallel": true,
                                                                    "self": 0.0006007299962220713
                                                                }
                                                            }
                                                        },
                                                        "UnityEnvironment.step": {
                                                            "total": 0.041976308999437606,
                                                            "count": 1,
                                                            "is_parallel": true,
                                                            "self": 0.0005923699936829507,
                                                            "children": {
                                                                "UnityEnvironment._generate_step_input": {
                                                                    "total": 0.00013994000255479477,
                                                                    "count": 1,
                                                                    "is_parallel": true,
                                                                    "self": 0.00013994000255479477
                                                                },
                                                                "communicator.exchange": {
                                                                    "total": 0.03867666900259792,
                                                                    "count": 1,