{
    "name": "root",
    "gauges": {
        "Thesis.Policy.Entropy.mean": {
            "value": 0.6464371085166931,
            "min": 0.6147774457931519,
            "max": 0.9748210310935974,
            "count": 64
        },
        "Thesis.Policy.ExtrinsicValueEstimate.mean": {
            "value": 0.5358233451843262,
            "min": -2.2248170375823975,
            "max": 17.606454849243164,
            "count": 64
        },
        "Thesis.IsTraining.mean": {
            "value": 1.0,
            "min": 1.0,
            "max": 1.0,
            "count": 64
        },
        "Thesis.Losses.ValueLoss.mean": {
            "value": 0.09089306741952896,
            "min": 0.036510441452264786,
            "max": 33.20697784423828,
            "count": 45
        },
        "Thesis.Losses.PolicyLoss.mean": {
            "value": 0.01740947924554348,
            "min": 0.0074797808192670345,
            "max": 0.08421453833580017,
            "count": 45
        },
        "Thesis.Policy.LearningRate.mean": {
            "value": 9.373787179356441e-05,
            "min": 9.373787179356441e-05,
            "max": 9.989247337216511e-05,
            "count": 45
        },
        "Thesis.Policy.Epsilon.mean": {
            "value": 0.10000000149011612,
            "min": 0.10000000149011612,
            "max": 0.10000000149011612,
            "count": 45
        },
        "Thesis.Policy.Beta.mean": {
            "value": 9.436408436158672e-05,
            "min": 9.436408436158672e-05,
            "max": 9.990322723751888e-05,
            "count": 45
        },
        "Thesis.Environment.EpisodeLength.mean": {
            "value": 999.0,
            "min": 998.0357142857143,
            "max": 999.0,
            "count": 31
        },
        "Thesis.Environment.CumulativeReward.mean": {
            "value": -0.6578946121429142,
            "min": -1.2718181014060974,
            "max": 1.0000003150531225,
            "count": 49
        },
        "Thesis.Policy.ExtrinsicReward.mean": {
            "value": -0.6578946121429142,
            "min": -1.2718181014060974,
            "max": 1.0000003150531225,
            "count": 49
        }
    },
    "metadata": {
        "timer_format_version": "0.1.0",
        "start_time_seconds": "1603964849",
        "python_version": "3.6.9 (default, Apr 18 2020, 01:56:04) \n[GCC 8.4.0]",
        "command_line_arguments": "/usr/local/bin/mlagents-learn Thesis.yaml --run-id=MultiBrainAgent_10msteps_badfood_withScout_4arenas_sizeOfMemory10_v8",
        "mlagents_version": "0.18.0",
        "mlagents_envs_version": "0.18.0",
        "communication_protocol_version": "1.0.0",
        "tensorflow_version": "1.14.0",
        "end_time_seconds": "1603965796"
    },
    "total": 946.443588307,
    "count": 1,
    "self": 0.003501395999592205,
    "children": {
        "run_training.setup": {
            "total": 0.018172441000388062,
            "count": 1,
            "self": 0.018172441000388062
        },
        "TrainerController.start_learning": {
            "total": 946.42191447,
            "count": 1,
            "self": 15.33474646895138,
            "children": {
                "TrainerController._reset_env": {
                    "total": 5.974113674999899,
                    "count": 1,
                    "self": 5.974113674999899
                },
                "TrainerController.advance": {
                    "total": 924.947182301049,
                    "count": 23321,
                    "self": 0.3262155989996245,
                    "children": {
                        "env_step": {
                            "total": 924.6209667020494,
                            "count": 23321,
                            "self": 879.8507214831252,
                            "children": {
                                "SubprocessEnvManager._take_step": {
                                    "total": 44.42175487397162,
                                    "count": 23321,
                                    "self": 1.0499335319800593,
                                    "children": {
                                        "NNPolicy.evaluate": {
                                            "total": 43.37182134199156,
                                            "count": 23321,
                                            "self": 43.37182134199156
                                        }
                                    }
                                },
                                "workers": {
                                    "total": 0.3484903449525518,
                                    "count": 23320,
                                    "self": 0.0,
                                    "children": {
                                        "worker_root": {
                                            "total": 945.0468449218943,
                                            "count": 23320,
                                            "is_parallel": true,
                                            "self": 124.78662203982458,
                                            "children": {
                                                "run_training.setup": {
                                                    "total": 0.0,
                                                    "count": 0,
                                                    "is_parallel": true,
                                                    "self": 0.0,
                                                    "children": {
                                                        "steps_from_proto": {
                                                            "total": 0.0011861900002259063,
                                                            "count": 1,
                                                            "is_parallel": true,
                                                            "self": 0.0005364999997254927,
                                                            "children": {
                                                                "_process_vector_observation": {
                                                                    "total": 0.0006496900005004136,
                                                                    "count": 4,
                                                                    "is_parallel": true,
                                                                    "self": 0.0006496900005004136
                                                                }
                                                            }
                                                        },
                                                        "UnityEnvironment.step": {
                                                            "total": 0.04525575299976481,
                                                            "count": 1,
                                                            "is_parallel": true,
                                                            "self": 0.0007995499991011457,
                                                            "children": {
                                                                "UnityEnvironment._generate_step_input": {
                                                                    "total": 0.00014120000014372636,
                                                                    "count": 1,
                                                                    "is_parallel": true,
                                                                    "self": 0.00014120000014372636
                                                                },
                                                                "communicator.exchange": {
                                                                    "total": 0.04108182400068472,
                                                                    "count": 1,