{
    "name": "root",
    "gauges": {
        "Thesis.Policy.Entropy.mean": {
            "value": 0.12572291493415833,
            "min": 0.038676995784044266,
            "max": 0.8685140609741211,
            "count": 500
        },
        "Thesis.Policy.ExtrinsicValueEstimate.mean": {
            "value": 0.20352515578269958,
            "min": -1.4239423274993896,
            "max": 24.27611541748047,
            "count": 500
        },
        "Thesis.Losses.ValueLoss.mean": {
            "value": 0.01893937587738037,
            "min": 0.0001630624319659546,
            "max": 22.683298110961914,
            "count": 500
        },
        "Thesis.Losses.PolicyLoss.mean": {
            "value": 0.020724378526210785,
            "min": 0.011427391320466995,
            "max": 0.09392581135034561,
            "count": 500
        },
        "Thesis.Policy.LearningRate.mean": {
            "value": 3.7804102248628624e-07,
            "min": 3.7804102248628624e-07,
            "max": 0.0002996237017214298,
            "count": 500
        },
        "Thesis.Policy.Epsilon.mean": {
            "value": 0.10012597590684891,
            "min": 0.10012597590684891,
            "max": 0.19987456500530243,
            "count": 500
        },
        "Thesis.Policy.Beta.mean": {
            "value": 1.1247205293329898e-05,
            "min": 1.1247205293329898e-05,
            "max": 0.0009987582452595234,
            "count": 500
        },
        "Thesis.IsTraining.mean": {
            "value": 1.0,
            "min": 1.0,
            "max": 1.0,
            "count": 500
        },
        "Thesis.Environment.EpisodeLength.mean": {
            "value": 999.0,
            "min": 998.0357142857143,
            "max": 999.0,
            "count": 178
        },
        "Thesis.Environment.CumulativeReward.mean": {
            "value": 1.375000510364771,
            "min": -1.125000011175871,
            "max": 3.7500007916241884,
            "count": 213
        },
        "Thesis.Policy.ExtrinsicReward.mean": {
            "value": 1.375000510364771,
            "min": -1.125000011175871,
            "max": 3.7500007916241884,
            "count": 213
        }
    },
    "metadata": {
        "timer_format_version": "0.1.0",
        "start_time_seconds": "1603383043",
        "python_version": "3.6.9 (default, Apr 18 2020, 01:56:04) \n[GCC 8.4.0]",
        "command_line_arguments": "/usr/local/bin/mlagents-learn Thesis.yaml --run-id=SingleBrainAgent_5msteps_badfood_withScout",
        "mlagents_version": "0.18.0",
        "mlagents_envs_version": "0.18.0",
        "communication_protocol_version": "1.0.0",
        "tensorflow_version": "1.14.0",
        "end_time_seconds": "1603389997"
    },
    "total": 6953.214488266003,
    "count": 1,
    "self": 0.012840999999752967,
    "children": {
        "run_training.setup": {
            "total": 0.017020135001075687,
            "count": 1,
            "self": 0.017020135001075687
        },
        "TrainerController.start_learning": {
            "total": 6953.184627131002,
            "count": 1,
            "self": 128.42026905723833,
            "children": {
                "TrainerController._reset_env": {
                    "total": 4.176651074001711,
                    "count": 1,
                    "self": 4.176651074001711
                },
                "TrainerController.advance": {
                    "total": 6820.408145771758,
                    "count": 178654,
                    "self": 2.6506691279864754,
                    "children": {
                        "env_step": {
                            "total": 6817.757476643772,
                            "count": 178654,
                            "self": 6483.081057696923,
                            "children": {
                                "SubprocessEnvManager._take_step": {
                                    "total": 332.022628158069,
                                    "count": 178654,
                                    "self": 8.066469026365667,
                                    "children": {
                                        "NNPolicy.evaluate": {
                                            "total": 323.9561591317033,
                                            "count": 178654,
                                            "self": 323.9561591317033
                                        }
                                    }
                                },
                                "workers": {
                                    "total": 2.653790788779588,
                                    "count": 178654,
                                    "self": 0.0,
                                    "children": {
                                        "worker_root": {
                                            "total": 6945.260721833009,
                                            "count": 178654,
                                            "is_parallel": true,
                                            "self": 970.2074835301355,
                                            "children": {
                                                "run_training.setup": {
                                                    "total": 0.0,
                                                    "count": 0,
                                                    "is_parallel": true,
                                                    "self": 0.0,
                                                    "children": {
                                                        "steps_from_proto": {
                                                            "total": 0.0011960720003116876,
                                                            "count": 1,
                                                            "is_parallel": true,
                                                            "self": 0.0005108309997012839,
                                                            "children": {
                                                                "_process_vector_observation": {
                                                                    "total": 0.0006852410006104037,
                                                                    "count": 4,
                                                                    "is_parallel": true,
                                                                    "self": 0.0006852410006104037
                                                                }
                                                            }
                                                        },
                                                        "UnityEnvironment.step": {
                                                            "total": 0.0407108250001329,
                                                            "count": 1,
                                                            "is_parallel": true,
                                                            "self": 0.00045608099753735587,
                                                            "children": {
                                                                "UnityEnvironment._generate_step_input": {
                                                                    "total": 0.00014233100228011608,
                                                                    "count": 1,
                                                                    "is_parallel": true,
                                                                    "self": 0.00014233100228011608
                                                                },
                                                                "communicator.exchange": {
                                                                    "total": 0.03817210899796919,
                                                                    "count": 1,