{
    "name": "root",
    "gauges": {
        "Thesis.Policy.Entropy.mean": {
            "value": 0.08892684429883957,
            "min": 0.06613433361053467,
            "max": 1.3847745656967163,
            "count": 500
        },
        "Thesis.Policy.ExtrinsicValueEstimate.mean": {
            "value": 1.3257886171340942,
            "min": -0.1234070211648941,
            "max": 2.095594644546509,
            "count": 500
        },
        "Thesis.Losses.ValueLoss.mean": {
            "value": 0.08561662584543228,
            "min": 0.006602074950933456,
            "max": 0.4164598882198334,
            "count": 500
        },
        "Thesis.Losses.PolicyLoss.mean": {
            "value": 0.014653243124485016,
            "min": 0.00949846487492323,
            "max": 0.03320612385869026,
            "count": 500
        },
        "Thesis.Policy.LearningRate.mean": {
            "value": 2.854011142972013e-07,
            "min": 2.854011142972013e-07,
            "max": 0.00029969282331876457,
            "count": 500
        },
        "Thesis.Policy.Epsilon.mean": {
            "value": 0.10009510815143585,
            "min": 0.10009510815143585,
            "max": 0.19989760220050812,
            "count": 500
        },
        "Thesis.Policy.Beta.mean": {
            "value": 1.0941494110738859e-05,
            "min": 1.0941494110738859e-05,
            "max": 0.0009989863028749824,
            "count": 500
        },
        "Thesis.IsTraining.mean": {
            "value": 1.0,
            "min": 1.0,
            "max": 1.0,
            "count": 500
        },
        "Thesis.Environment.EpisodeLength.mean": {
            "value": 999.0,
            "min": 998.05,
            "max": 999.0,
            "count": 250
        },
        "Thesis.Environment.CumulativeReward.mean": {
            "value": 19.500002771615982,
            "min": -0.7499996926635504,
            "max": 20.875001817941666,
            "count": 250
        },
        "Thesis.Policy.ExtrinsicReward.mean": {
            "value": 19.500002771615982,
            "min": -0.7499996926635504,
            "max": 20.875001817941666,
            "count": 250
        }
    },
    "metadata": {
        "timer_format_version": "0.1.0",
        "start_time_seconds": "1606481977",
        "python_version": "3.6.9 (default, Apr 18 2020, 01:56:04) \n[GCC 8.4.0]",
        "command_line_arguments": "/usr/local/bin/mlagents-learn Thesis.yaml --run-id=bad_food_capacity_10/1.1",
        "mlagents_version": "0.18.0",
        "mlagents_envs_version": "0.18.0",
        "communication_protocol_version": "1.0.0",
        "tensorflow_version": "1.14.0",
        "end_time_seconds": "1606489553"
    },
    "total": 7576.587753004002,
    "count": 1,
    "self": 0.0115748150019499,
    "children": {
        "run_training.setup": {
            "total": 0.01876350100064883,
            "count": 1,
            "self": 0.01876350100064883
        },
        "TrainerController.start_learning": {
            "total": 7576.557414687999,
            "count": 1,
            "self": 170.19842674632673,
            "children": {
                "TrainerController._reset_env": {
                    "total": 6.394117531002848,
                    "count": 1,
                    "self": 6.394117531002848
                },
                "TrainerController.advance": {
                    "total": 7399.811461016667,
                    "count": 250132,
                    "self": 3.5627900065992435,
                    "children": {
                        "env_step": {
                            "total": 7396.2486710100675,
                            "count": 250132,
                            "self": 6992.5053655969605,
                            "children": {
                                "SubprocessEnvManager._take_step": {
                                    "total": 400.01638487352466,
                                    "count": 250132,
                                    "self": 10.338177924964839,
                                    "children": {
                                        "NNPolicy.evaluate": {
                                            "total": 389.6782069485598,
                                            "count": 250132,
                                            "self": 389.6782069485598
                                        }
                                    }
                                },
                                "workers": {
                                    "total": 3.726920539582352,
                                    "count": 250132,
                                    "self": 0.0,
                                    "children": {
                                        "worker_root": {
                                            "total": 7565.358347174326,
                                            "count": 250132,
                                            "is_parallel": true,
                                            "self": 1134.1831708326754,
                                            "children": {
                                                "run_training.setup": {
                                                    "total": 0.0,
                                                    "count": 0,
                                                    "is_parallel": true,
                                                    "self": 0.0,
                                                    "children": {
                                                        "steps_from_proto": {
                                                            "total": 0.0006013720012560952,
                                                            "count": 1,
                                                            "is_parallel": true,
                                                            "self": 0.00026600099954521284,
                                                            "children": {
                                                                "_process_vector_observation": {
                                                                    "total": 0.0003353710017108824,
                                                                    "count": 4,
                                                                    "is_parallel": true,
                                                                    "self": 0.0003353710017108824
                                                                }
                                                            }
                                                        },
                                                        "UnityEnvironment.step": {
                                                            "total": 0.03808703400136437,
                                                            "count": 1,
                                                            "is_parallel": true,
                                                            "self": 0.0006908819996169768,
                                                            "children": {
                                                                "UnityEnvironment._generate_step_input": {
                                                                    "total": 0.0001822500016714912,
                                                                    "count": 1,
                                                                    "is_parallel": true,
                                                                    "self": 0.0001822500016714912
                                                                },
                                                                "communicator.exchange": {
                                                                    "total": 0.03441755400126567,
                                                                    "count": 1,