{
    "name": "root",
    "gauges": {
        "Thesis.Policy.Entropy.mean": {
            "value": 0.484015554189682,
            "min": 0.20093728601932526,
            "max": 9.685881614685059,
            "count": 500
        },
        "Thesis.Policy.ExtrinsicValueEstimate.mean": {
            "value": 1.164892554283142,
            "min": -0.1103142499923706,
            "max": 1.7895301580429077,
            "count": 500
        },
        "Thesis.Losses.ValueLoss.mean": {
            "value": 0.13259433209896088,
            "min": 0.0046701934188604355,
            "max": 0.18629500269889832,
            "count": 500
        },
        "Thesis.Losses.PolicyLoss.mean": {
            "value": 0.016731951385736465,
            "min": 0.008680952712893486,
            "max": 0.031481072306632996,
            "count": 500
        },
        "Thesis.Policy.LearningRate.mean": {
            "value": 2.9812017032782023e-07,
            "min": 2.9812017032782023e-07,
            "max": 0.0002996506809722632,
            "count": 500
        },
        "Thesis.Policy.Epsilon.mean": {
            "value": 0.1000993400812149,
            "min": 0.1000993400812149,
            "max": 0.19988355040550232,
            "count": 500
        },
        "Thesis.Policy.Beta.mean": {
            "value": 1.048676494974643e-05,
            "min": 1.048676494974643e-05,
            "max": 0.0004994294722564518,
            "count": 500
        },
        "Thesis.Environment.EpisodeLength.mean": {
            "value": 999.0,
            "min": 973.6666666666666,
            "max": 999.0,
            "count": 500
        },
        "Thesis.Environment.CumulativeReward.mean": {
            "value": 14.333335189148784,
            "min": -0.4999999099721511,
            "max": 19.525335906694334,
            "count": 500
        },
        "Thesis.Policy.ExtrinsicReward.mean": {
            "value": 14.333335189148784,
            "min": -0.4999999099721511,
            "max": 19.525335906694334,
            "count": 500
        },
        "Thesis.IsTraining.mean": {
            "value": 1.0,
            "min": 1.0,
            "max": 1.0,
            "count": 500
        }
    },
    "metadata": {
        "timer_format_version": "0.1.0",
        "start_time_seconds": "1606003337",
        "python_version": "3.6.9 (default, Apr 18 2020, 01:56:04) \n[GCC 8.4.0]",
        "command_line_arguments": "/usr/local/bin/mlagents-learn Thesis.yaml --run-id=bad_food_without_position/3.0",
        "mlagents_version": "0.18.0",
        "mlagents_envs_version": "0.18.0",
        "communication_protocol_version": "1.0.0",
        "tensorflow_version": "1.14.0",
        "end_time_seconds": "1606032586"
    },
    "total": 29249.075746468,
    "count": 1,
    "self": 0.018598888997075846,
    "children": {
        "run_training.setup": {
            "total": 0.02205963400001565,
            "count": 1,
            "self": 0.02205963400001565
        },
        "TrainerController.start_learning": {
            "total": 29249.035087945,
            "count": 1,
            "self": 625.7386181968395,
            "children": {
                "TrainerController._reset_env": {
                    "total": 4.465639999000018,
                    "count": 1,
                    "self": 4.465639999000018
                },
                "TrainerController.advance": {
                    "total": 28618.337775742162,
                    "count": 2296156,
                    "self": 30.381178904211993,
                    "children": {
                        "env_step": {
                            "total": 28587.95659683795,
                            "count": 2296156,
                            "self": 24887.133127873938,
                            "children": {
                                "SubprocessEnvManager._take_step": {
                                    "total": 3669.1263944515445,
                                    "count": 2296156,
                                    "self": 64.835604666162,
                                    "children": {
                                        "NNPolicy.evaluate": {
                                            "total": 3604.2907897853825,
                                            "count": 2296153,
                                            "self": 3604.2907897853825
                                        }
                                    }
                                },
                                "workers": {
                                    "total": 31.697074512468305,
                                    "count": 2296156,
                                    "self": 0.0,
                                    "children": {
                                        "worker_root": {
                                            "total": 29147.948655640066,
                                            "count": 2296156,
                                            "is_parallel": true,
                                            "self": 7049.910319736973,
                                            "children": {
                                                "run_training.setup": {
                                                    "total": 0.0,
                                                    "count": 0,
                                                    "is_parallel": true,
                                                    "self": 0.0,
                                                    "children": {
                                                        "steps_from_proto": {
                                                            "total": 0.0030946499999799926,
                                                            "count": 1,
                                                            "is_parallel": true,
                                                            "self": 0.0016878320000159874,
                                                            "children": {
                                                                "_process_vector_observation": {
                                                                    "total": 0.0014068179999640051,
                                                                    "count": 10,
                                                                    "is_parallel": true,
                                                                    "self": 0.0014068179999640051
                                                                }
                                                            }
                                                        },
                                                        "UnityEnvironment.step": {
                                                            "total": 0.027865594000047622,
                                                            "count": 1,
                                                            "is_parallel": true,
                                                            "self": 0.00042490300000963543,
                                                            "children": {
                                                                "UnityEnvironment._generate_step_input": {
                                                                    "total": 0.00015749099998174643,
                                                                    "count": 1,
                                                                    "is_parallel": true,
                                                                    "self": 0.00015749099998174643
                                                                },
                                                                "communicator.exchange": {
                                                                    "total": 0.024891219000039655,
                                                                    "count": 1,