{
    "name": "root",
    "gauges": {
        "Thesis.Policy.Entropy.mean": {
            "value": 7.20571756362915,
            "min": 6.930080413818359,
            "max": 9.684280395507812,
            "count": 38
        },
        "Thesis.Policy.ExtrinsicValueEstimate.mean": {
            "value": 0.19706757366657257,
            "min": -0.04402700066566467,
            "max": 0.27690818905830383,
            "count": 38
        },
        "Thesis.Losses.ValueLoss.mean": {
            "value": 0.01934455893933773,
            "min": 0.0080710519105196,
            "max": 0.031850218772888184,
            "count": 38
        },
        "Thesis.Losses.PolicyLoss.mean": {
            "value": 0.015871403738856316,
            "min": 0.013993064872920513,
            "max": 0.029813731089234352,
            "count": 38
        },
        "Thesis.Policy.LearningRate.mean": {
            "value": 0.00027745269471779466,
            "min": 0.00027745269471779466,
            "max": 0.0002996506809722632,
            "count": 38
        },
        "Thesis.Policy.Epsilon.mean": {
            "value": 0.19248421490192413,
            "min": 0.19248421490192413,
            "max": 0.19988355040550232,
            "count": 38
        },
        "Thesis.Policy.Beta.mean": {
            "value": 0.00046317267697304487,
            "min": 0.00046317267697304487,
            "max": 0.0004994294722564518,
            "count": 38
        },
        "Thesis.Environment.EpisodeLength.mean": {
            "value": 999.0,
            "min": 998.625,
            "max": 999.0,
            "count": 38
        },
        "Thesis.Environment.CumulativeReward.mean": {
            "value": 1.9166669982175033,
            "min": -0.24999992921948433,
            "max": 2.416667260850469,
            "count": 38
        },
        "Thesis.Policy.ExtrinsicReward.mean": {
            "value": 1.9166669982175033,
            "min": -0.24999992921948433,
            "max": 2.416667260850469,
            "count": 38
        },
        "Thesis.IsTraining.mean": {
            "value": 1.0,
            "min": 1.0,
            "max": 1.0,
            "count": 38
        }
    },
    "metadata": {
        "timer_format_version": "0.1.0",
        "start_time_seconds": "1605538251",
        "python_version": "3.6.9 (default, Apr 18 2020, 01:56:04) \n[GCC 8.4.0]",
        "command_line_arguments": "/usr/local/bin/mlagents-learn Thesis.yaml --run-id=position_information/3.10",
        "mlagents_version": "0.18.0",
        "mlagents_envs_version": "0.18.0",
        "communication_protocol_version": "1.0.0",
        "tensorflow_version": "1.14.0",
        "end_time_seconds": "1605540095"
    },
    "total": 1844.5296821820011,
    "count": 1,
    "self": 0.003943005001929123,
    "children": {
        "run_training.setup": {
            "total": 0.01807891999851563,
            "count": 1,
            "self": 0.01807891999851563
        },
        "TrainerController.start_learning": {
            "total": 1844.5076602570007,
            "count": 1,
            "self": 39.261933142581256,
            "children": {
                "TrainerController._reset_env": {
                    "total": 3.588286079997488,
                    "count": 1,
                    "self": 3.588286079997488
                },
                "TrainerController.advance": {
                    "total": 1801.0400970894225,
                    "count": 96142,
                    "self": 1.3288537862172234,
                    "children": {
                        "env_step": {
                            "total": 1799.7112433032053,
                            "count": 96142,
                            "self": 1633.2252139695556,
                            "children": {
                                "SubprocessEnvManager._take_step": {
                                    "total": 165.0781802276615,
                                    "count": 96142,
                                    "self": 3.069216490675899,
                                    "children": {
                                        "NNPolicy.evaluate": {
                                            "total": 162.0089637369856,
                                            "count": 96142,
                                            "self": 162.0089637369856
                                        }
                                    }
                                },
                                "workers": {
                                    "total": 1.4078491059881344,
                                    "count": 96141,
                                    "self": 0.0,
                                    "children": {
                                        "worker_root": {
                                            "total": 1837.8669784887388,
                                            "count": 96141,
                                            "is_parallel": true,
                                            "self": 347.2856963377162,
                                            "children": {
                                                "run_training.setup": {
                                                    "total": 0.0,
                                                    "count": 0,
                                                    "is_parallel": true,
                                                    "self": 0.0,
                                                    "children": {
                                                        "steps_from_proto": {
                                                            "total": 0.0017586860012670513,
                                                            "count": 1,
                                                            "is_parallel": true,
                                                            "self": 0.0007194290046754759,
                                                            "children": {
                                                                "_process_vector_observation": {
                                                                    "total": 0.0010392569965915754,
                                                                    "count": 12,
                                                                    "is_parallel": true,
                                                                    "self": 0.0010392569965915754
                                                                }
                                                            }
                                                        },
                                                        "UnityEnvironment.step": {
                                                            "total": 0.029338478001591284,
                                                            "count": 1,
                                                            "is_parallel": true,
                                                            "self": 0.0004570600031001959,
                                                            "children": {
                                                                "UnityEnvironment._generate_step_input": {
                                                                    "total": 0.00015147999874898233,
                                                                    "count": 1,
                                                                    "is_parallel": true,
                                                                    "self": 0.00015147999874898233
                                                                },
                                                                "communicator.exchange": {
                                                                    "total": 0.02605228399988846,
                                                                    "count": 1,