{
    "name": "root",
    "gauges": {
        "Thesis.Policy.Entropy.mean": {
            "value": 0.08714832365512848,
            "min": 0.05441086366772652,
            "max": 1.3837202787399292,
            "count": 500
        },
        "Thesis.Policy.ExtrinsicValueEstimate.mean": {
            "value": 1.0516023635864258,
            "min": -0.06981196999549866,
            "max": 1.853144884109497,
            "count": 500
        },
        "Thesis.Losses.PolicyLoss.mean": {
            "value": 0.01757912814306716,
            "min": 0.010520064142636126,
            "max": 0.03180678734659321,
            "count": 500
        },
        "Thesis.Losses.ValueLoss.mean": {
            "value": 0.056377886111537615,
            "min": 0.006654535589041189,
            "max": 0.527476739552286,
            "count": 500
        },
        "Thesis.Policy.LearningRate.mean": {
            "value": 2.8539990489999725e-07,
            "min": 2.8539990489999725e-07,
            "max": 0.00029969280010239997,
            "count": 500
        },
        "Thesis.Policy.Epsilon.mean": {
            "value": 0.10009510000000002,
            "min": 0.10009510000000002,
            "max": 0.1998976,
            "count": 500
        },
        "Thesis.Policy.Beta.mean": {
            "value": 1.0941489999999991e-05,
            "min": 1.0941489999999991e-05,
            "max": 0.0009989862400000002,
            "count": 500
        },
        "Thesis.IsTraining.mean": {
            "value": 1.0,
            "min": 1.0,
            "max": 1.0,
            "count": 500
        },
        "Thesis.Environment.EpisodeLength.mean": {
            "value": 999.0,
            "min": 998.05,
            "max": 999.0,
            "count": 250
        },
        "Thesis.Environment.CumulativeReward.mean": {
            "value": 12.250001514330506,
            "min": -0.7499995976686478,
            "max": 19.250002583488822,
            "count": 250
        },
        "Thesis.Policy.ExtrinsicReward.mean": {
            "value": 12.250001514330506,
            "min": -0.7499995976686478,
            "max": 19.250002583488822,
            "count": 250
        }
    },
    "metadata": {
        "timer_format_version": "0.1.0",
        "start_time_seconds": "1607768949",
        "python_version": "3.8.5 (default, Jul 28 2020, 12:59:40) \n[GCC 9.3.0]",
        "command_line_arguments": "/home/kuba/.local/bin/mlagents-learn Thesis.yaml --run-id=area_modified/1.1",
        "mlagents_version": "0.22.0",
        "mlagents_envs_version": "0.22.0",
        "communication_protocol_version": "1.2.0",
        "pytorch_version": "1.7.0",
        "numpy_version": "1.18.5",
        "end_time_seconds": "1607778324"
    },
    "total": 9375.291156733998,
    "count": 1,
    "self": 0.012559782997414004,
    "children": {
        "run_training.setup": {
            "total": 0.005223426999691583,
            "count": 1,
            "self": 0.005223426999691583
        },
        "TrainerController.start_learning": {
            "total": 9375.273373524,
            "count": 1,
            "self": 5.879976137264748,
            "children": {
                "TrainerController._reset_env": {
                    "total": 3.221836753000389,
                    "count": 1,
                    "self": 3.221836753000389
                },
                "TrainerController.advance": {
                    "total": 9366.109125503735,
                    "count": 250134,
                    "self": 2.9425531045162643,
                    "children": {
                        "env_step": {
                            "total": 9363.16657239922,
                            "count": 250134,
                            "self": 8051.585928632591,
                            "children": {
                                "SubprocessEnvManager._take_step": {
                                    "total": 1308.440365331886,
                                    "count": 250134,
                                    "self": 15.985619768242032,
                                    "children": {
                                        "TorchPolicy.evaluate": {
                                            "total": 1292.4547455636439,
                                            "count": 250134,
                                            "self": 96.04718727388354,
                                            "children": {
                                                "TorchPolicy.sample_actions": {
                                                    "total": 1196.4075582897603,
                                                    "count": 250134,
                                                    "self": 1196.4075582897603
                                                }
                                            }
                                        }
                                    }
                                },
                                "workers": {
                                    "total": 3.1402784347419583,
                                    "count": 250134,
                                    "self": 0.0,
                                    "children": {
                                        "worker_root": {
                                            "total": 9365.132688476091,
                                            "count": 250134,
                                            "is_parallel": true,
                                            "self": 1665.84961039493,
                                            "children": {
                                                "run_training.setup": {
                                                    "total": 0.0,
                                                    "count": 0,
                                                    "is_parallel": true,
                                                    "self": 0.0,
                                                    "children": {
                                                        "steps_from_proto": {
                                                            "total": 0.001155135000772134,
                                                            "count": 1,
                                                            "is_parallel": true,
                                                            "self": 0.0005460080010379897,
                                                            "children": {
                                                                "_process_vector_observation": {
                                                                    "total": 0.0006091269997341442,
                                                                    "count": 4,
                                                                    "is_parallel": true,
                                                                    "self": 0.0006091269997341442
                                                                }
                                                            }
                                                        },
                                                        "UnityEnvironment.step": {
                                                            "total": 0.054384476999985054,
                                                            "count": 1,
                                                            "is_parallel": true,
                                                            "self": 0.000348839000253065,
                                                            "children": {
                                                                "UnityEnvironment._generate_step_input": {
                                                                    "total": 0.00016397899980802322,
                                                                    "count": 1,