{
    "name": "root",
    "gauges": {
        "Thesis.Policy.Entropy.mean": {
            "value": 0.23199370503425598,
            "min": 0.16286057233810425,
            "max": 0.5650811791419983,
            "count": 229
        },
        "Thesis.Policy.ExtrinsicValueEstimate.mean": {
            "value": 0.2791241705417633,
            "min": -30.719722747802734,
            "max": 3.955273151397705,
            "count": 229
        },
        "Thesis.IsTraining.mean": {
            "value": 1.0,
            "min": 1.0,
            "max": 1.0,
            "count": 229
        },
        "Thesis.Losses.ValueLoss.mean": {
            "value": 0.0967043787240982,
            "min": 0.027039265260100365,
            "max": 52.174110412597656,
            "count": 202
        },
        "Thesis.Losses.PolicyLoss.mean": {
            "value": 0.015959270298480988,
            "min": 0.0068875448778271675,
            "max": 0.025720756500959396,
            "count": 202
        },
        "Thesis.Policy.LearningRate.mean": {
            "value": 7.715132960584015e-05,
            "min": 7.715132960584015e-05,
            "max": 9.9874559964519e-05,
            "count": 202
        },
        "Thesis.Policy.Epsilon.mean": {
            "value": 0.10000000149011612,
            "min": 0.10000000149011612,
            "max": 0.10000000894069672,
            "count": 202
        },
        "Thesis.Policy.Beta.mean": {
            "value": 0.0007737980922684073,
            "min": 0.0007737980922684073,
            "max": 0.0009987582452595234,
            "count": 202
        },
        "Thesis.Environment.EpisodeLength.mean": {
            "value": 999.0,
            "min": 998.0357142857143,
            "max": 999.0,
            "count": 98
        },
        "Thesis.Environment.CumulativeReward.mean": {
            "value": 2.086162567138672e-07,
            "min": -1.10526305907651,
            "max": 3.111112058162689,
            "count": 130
        },
        "Thesis.Policy.ExtrinsicReward.mean": {
            "value": 2.086162567138672e-07,
            "min": -1.10526305907651,
            "max": 3.111112058162689,
            "count": 130
        }
    },
    "metadata": {
        "timer_format_version": "0.1.0",
        "start_time_seconds": "1603744948",
        "python_version": "3.6.9 (default, Apr 18 2020, 01:56:04) \n[GCC 8.4.0]",
        "command_line_arguments": "/usr/local/bin/mlagents-learn Thesis.yaml --run-id=MultiBrainAgent_10msteps_badfood_withScout_4arenas_sizeOfMemory10_v5",
        "mlagents_version": "0.18.0",
        "mlagents_envs_version": "0.18.0",
        "communication_protocol_version": "1.0.0",
        "tensorflow_version": "1.14.0",
        "end_time_seconds": "1603748125"
    },
    "total": 3177.3719232879994,
    "count": 1,
    "self": 0.003507948000333272,
    "children": {
        "run_training.setup": {
            "total": 0.01894804100084002,
            "count": 1,
            "self": 0.01894804100084002
        },
        "TrainerController.start_learning": {
            "total": 3177.349467298998,
            "count": 1,
            "self": 57.9095184511425,
            "children": {
                "TrainerController._reset_env": {
                    "total": 6.423103893997904,
                    "count": 1,
                    "self": 6.423103893997904
                },
                "TrainerController.advance": {
                    "total": 3112.8632918978583,
                    "count": 82194,
                    "self": 1.086049694204121,
                    "children": {
                        "env_step": {
                            "total": 3111.777242203654,
                            "count": 82194,
                            "self": 2959.837648626275,
                            "children": {
                                "SubprocessEnvManager._take_step": {
                                    "total": 150.7955751322006,
                                    "count": 82194,
                                    "self": 3.413536127878615,
                                    "children": {
                                        "NNPolicy.evaluate": {
                                            "total": 147.382039004322,
                                            "count": 82194,
                                            "self": 147.382039004322
                                        }
                                    }
                                },
                                "workers": {
                                    "total": 1.1440184451785171,
                                    "count": 82193,
                                    "self": 0.0,
                                    "children": {
                                        "worker_root": {
                                            "total": 3173.1744343120554,
                                            "count": 82193,
                                            "is_parallel": true,
                                            "self": 436.6718739058015,
                                            "children": {
                                                "run_training.setup": {
                                                    "total": 0.0,
                                                    "count": 0,
                                                    "is_parallel": true,
                                                    "self": 0.0,
                                                    "children": {
                                                        "steps_from_proto": {
                                                            "total": 0.0005825980006193276,
                                                            "count": 1,
                                                            "is_parallel": true,
                                                            "self": 0.0002504900003259536,
                                                            "children": {
                                                                "_process_vector_observation": {
                                                                    "total": 0.00033210800029337406,
                                                                    "count": 4,
                                                                    "is_parallel": true,
                                                                    "self": 0.00033210800029337406
                                                                }
                                                            }
                                                        },
                                                        "UnityEnvironment.step": {
                                                            "total": 0.046778713000094285,
                                                            "count": 1,
                                                            "is_parallel": true,
                                                            "self": 0.0009076169990294147,
                                                            "children": {
                                                                "UnityEnvironment._generate_step_input": {
                                                                    "total": 0.0001539289987704251,
                                                                    "count": 1,
                                                                    "is_parallel": true,
                                                                    "self": 0.0001539289987704251
                                                                },
                                                                "communicator.exchange": {
                                                                    "total": 0.04197896000187029,
                                                                    "count": 1,