{
    "name": "root",
    "gauges": {
        "Thesis.Policy.Entropy.mean": {
            "value": 8.274898529052734,
            "min": 8.028931617736816,
            "max": 9.536847114562988,
            "count": 42
        },
        "Thesis.Policy.ExtrinsicValueEstimate.mean": {
            "value": -0.2640291750431061,
            "min": -0.5305883884429932,
            "max": 2.1711010932922363,
            "count": 42
        },
        "Thesis.Losses.ValueLoss.mean": {
            "value": 0.03839748725295067,
            "min": 0.02382373809814453,
            "max": 0.6003336906433105,
            "count": 42
        },
        "Thesis.Losses.PolicyLoss.mean": {
            "value": 0.020538391545414925,
            "min": 0.013773019425570965,
            "max": 0.02701822854578495,
            "count": 42
        },
        "Thesis.Policy.LearningRate.mean": {
            "value": 0.000275052705546841,
            "min": 0.000275052705546841,
            "max": 0.0002996506809722632,
            "count": 42
        },
        "Thesis.Policy.Epsilon.mean": {
            "value": 0.19168421626091003,
            "min": 0.19168421626091003,
            "max": 0.19988355040550232,
            "count": 42
        },
        "Thesis.Policy.Beta.mean": {
            "value": 0.0004592526820488274,
            "min": 0.0004592526820488274,
            "max": 0.0004994294722564518,
            "count": 42
        },
        "Thesis.Environment.EpisodeLength.mean": {
            "value": 999.0,
            "min": 998.625,
            "max": 999.0,
            "count": 42
        },
        "Thesis.Environment.CumulativeReward.mean": {
            "value": 1.0833336481203635,
            "min": -0.3746249619871378,
            "max": 1.7500003902241588,
            "count": 42
        },
        "Thesis.Policy.ExtrinsicReward.mean": {
            "value": 1.0833336481203635,
            "min": -0.3746249619871378,
            "max": 1.7500003902241588,
            "count": 42
        },
        "Thesis.IsTraining.mean": {
            "value": 1.0,
            "min": 1.0,
            "max": 1.0,
            "count": 42
        }
    },
    "metadata": {
        "timer_format_version": "0.1.0",
        "start_time_seconds": "1605517494",
        "python_version": "3.6.9 (default, Apr 18 2020, 01:56:04) \n[GCC 8.4.0]",
        "command_line_arguments": "/usr/local/bin/mlagents-learn Thesis.yaml --run-id=position_information/3.1",
        "mlagents_version": "0.18.0",
        "mlagents_envs_version": "0.18.0",
        "communication_protocol_version": "1.0.0",
        "tensorflow_version": "1.14.0",
        "end_time_seconds": "1605519570"
    },
    "total": 2075.701572614,
    "count": 1,
    "self": 0.003676502999951481,
    "children": {
        "run_training.setup": {
            "total": 0.025542690999941442,
            "count": 1,
            "self": 0.025542690999941442
        },
        "TrainerController.start_learning": {
            "total": 2075.67235342,
            "count": 1,
            "self": 40.15966430394997,
            "children": {
                "TrainerController._reset_env": {
                    "total": 10.65111325099997,
                    "count": 1,
                    "self": 10.65111325099997
                },
                "TrainerController.advance": {
                    "total": 2024.23902500005,
                    "count": 105905,
                    "self": 1.450205738065506,
                    "children": {
                        "env_step": {
                            "total": 2022.7888192619846,
                            "count": 105905,
                            "self": 1846.5267042710814,
                            "children": {
                                "SubprocessEnvManager._take_step": {
                                    "total": 174.7482588549559,
                                    "count": 105905,
                                    "self": 3.0615156939367125,
                                    "children": {
                                        "NNPolicy.evaluate": {
                                            "total": 171.6867431610192,
                                            "count": 105905,
                                            "self": 171.6867431610192
                                        }
                                    }
                                },
                                "workers": {
                                    "total": 1.5138561359473215,
                                    "count": 105904,
                                    "self": 0.0,
                                    "children": {
                                        "worker_root": {
                                            "total": 2069.5735399850437,
                                            "count": 105904,
                                            "is_parallel": true,
                                            "self": 371.66489687701664,
                                            "children": {
                                                "run_training.setup": {
                                                    "total": 0.0,
                                                    "count": 0,
                                                    "is_parallel": true,
                                                    "self": 0.0,
                                                    "children": {
                                                        "steps_from_proto": {
                                                            "total": 0.0032156040000472785,
                                                            "count": 1,
                                                            "is_parallel": true,
                                                            "self": 0.002032690999726583,
                                                            "children": {
                                                                "_process_vector_observation": {
                                                                    "total": 0.0011829130003206956,
                                                                    "count": 12,
                                                                    "is_parallel": true,
                                                                    "self": 0.0011829130003206956
                                                                }
                                                            }
                                                        },
                                                        "UnityEnvironment.step": {
                                                            "total": 0.028883805999953438,
                                                            "count": 1,
                                                            "is_parallel": true,
                                                            "self": 0.0002826829999094116,
                                                            "children": {
                                                                "UnityEnvironment._generate_step_input": {
                                                                    "total": 0.0001667709999537692,
                                                                    "count": 1,
                                                                    "is_parallel": true,
                                                                    "self": 0.0001667709999537692
                                                                },
                                                                "communicator.exchange": {
                                                                    "total": 0.027017468000053668,
                                                                    "count": 1,