{"cameraMode":{"drawMode":0,"name":"Shaded","section":"Shading Mode"},"sceneLighting":true,"audioPlay":false,"sceneViewState":{"showFog":true,"showMaterialUpdate":false,"showSkybox":true,"showFlares":true,"showImageEffects":true,"showParticleSystems":true},"in2DMode":false,"pivot":{"x":-21.62856674194336,"y":-11.343406677246094,"z":-0.0631561279296875},"rotation":{"x":-0.24618028104305268,"y":0.01362742017954588,"z":-0.0034624531399458648,"w":-0.9691368937492371},"size":67.27991485595703,"orthographic":false}