{"cameraMode":{"drawMode":0,"name":"Shaded","section":"Shading Mode"},"sceneLighting":false,"audioPlay":false,"sceneViewState":{"showFog":true,"showMaterialUpdate":false,"showSkybox":false,"showFlares":true,"showImageEffects":true,"showParticleSystems":true},"in2DMode":false,"pivot":{"x":4.834938049316406,"y":-12.594512939453125,"z":-10.666366577148438},"rotation":{"x":-0.3305894732475281,"y":0.06702379137277603,"z":-0.023543473333120347,"w":-0.9411126375198364},"size":44.77663803100586,"orthographic":false}