{"cameraMode":{"drawMode":0,"name":"Shaded","section":"Shading Mode"},"sceneLighting":false,"audioPlay":false,"sceneViewState":{"showFog":true,"showMaterialUpdate":false,"showSkybox":false,"showFlares":true,"showImageEffects":true,"showParticleSystems":true},"in2DMode":false,"pivot":{"x":-32.0099983215332,"y":2.0,"z":-12.460000038146973},"rotation":{"x":-0.24618028104305268,"y":0.01362742017954588,"z":-0.0034624531399458648,"w":-0.9691368937492371},"size":0.6495190262794495,"orthographic":false}