{"cameraMode":{"drawMode":0,"name":"Shaded","section":"Shading Mode"},"sceneLighting":false,"audioPlay":false,"sceneViewState":{"showFog":true,"showMaterialUpdate":false,"showSkybox":false,"showFlares":true,"showImageEffects":true,"showParticleSystems":true},"in2DMode":false,"pivot":{"x":-7.539356231689453,"y":-5.792848587036133,"z":8.206192016601563},"rotation":{"x":-0.28368157148361208,"y":-0.46477210521698,"z":0.16013631224632264,"w":-0.8233434557914734},"size":19.74679183959961,"orthographic":false}