{
    "name": "root",
    "gauges": {
        "Thesis.Policy.Entropy.mean": {
            "value": 0.13342152535915375,
            "min": 0.07525823265314102,
            "max": 1.3804965019226074,
            "count": 500
        },
        "Thesis.Policy.ExtrinsicValueEstimate.mean": {
            "value": 1.7547796964645386,
            "min": 0.004424449056386948,
            "max": 2.162196159362793,
            "count": 500
        },
        "Thesis.Losses.ValueLoss.mean": {
            "value": 0.0927807092666626,
            "min": 0.004928806331008673,
            "max": 0.5313727855682373,
            "count": 500
        },
        "Thesis.Losses.PolicyLoss.mean": {
            "value": 0.017539644613862038,
            "min": 0.009820460341870785,
            "max": 0.03255143389105797,
            "count": 500
        },
        "Thesis.Policy.LearningRate.mean": {
            "value": 3.53619498127955e-07,
            "min": 3.53619498127955e-07,
            "max": 0.00029969282331876457,
            "count": 500
        },
        "Thesis.Policy.Epsilon.mean": {
            "value": 0.10011783987283707,
            "min": 0.10011783987283707,
            "max": 0.19989760220050812,
            "count": 500
        },
        "Thesis.Policy.Beta.mean": {
            "value": 1.057741519616684e-05,
            "min": 1.057741519616684e-05,
            "max": 0.0004994982737116516,
            "count": 500
        },
        "Thesis.IsTraining.mean": {
            "value": 1.0,
            "min": 1.0,
            "max": 1.0,
            "count": 500
        },
        "Thesis.Environment.EpisodeLength.mean": {
            "value": 999.0,
            "min": 913.75,
            "max": 999.0,
            "count": 250
        },
        "Thesis.Environment.CumulativeReward.mean": {
            "value": 16.000002341344953,
            "min": -0.49904993958771227,
            "max": 23.08540198393166,
            "count": 250
        },
        "Thesis.Policy.ExtrinsicReward.mean": {
            "value": 16.000002341344953,
            "min": -0.49904993958771227,
            "max": 23.08540198393166,
            "count": 250
        }
    },
    "metadata": {
        "timer_format_version": "0.1.0",
        "start_time_seconds": "1605024413",
        "python_version": "3.6.9 (default, Apr 18 2020, 01:56:04) \n[GCC 8.4.0]",
        "command_line_arguments": "/usr/local/bin/mlagents-learn Thesis.yaml --run-id=position_information/1.1",
        "mlagents_version": "0.18.0",
        "mlagents_envs_version": "0.18.0",
        "communication_protocol_version": "1.0.0",
        "tensorflow_version": "1.14.0",
        "end_time_seconds": "1605032726"
    },
    "total": 8313.583416141995,
    "count": 1,
    "self": 0.010835072996997042,
    "children": {
        "run_training.setup": {
            "total": 0.017782607999834,
            "count": 1,
            "self": 0.017782607999834
        },
        "TrainerController.start_learning": {
            "total": 8313.554798460998,
            "count": 1,
            "self": 206.09128099281952,
            "children": {
                "TrainerController._reset_env": {
                    "total": 13.202789225000743,
                    "count": 1,
                    "self": 13.202789225000743
                },
                "TrainerController.advance": {
                    "total": 8094.091328948176,
                    "count": 352797,
                    "self": 5.004842597219977,
                    "children": {
                        "env_step": {
                            "total": 8089.086486350956,
                            "count": 352797,
                            "self": 7563.185591086149,
                            "children": {
                                "SubprocessEnvManager._take_step": {
                                    "total": 520.3560093193191,
                                    "count": 352797,
                                    "self": 14.175028260950057,
                                    "children": {
                                        "NNPolicy.evaluate": {
                                            "total": 506.18098105836907,
                                            "count": 352797,
                                            "self": 506.18098105836907
                                        }
                                    }
                                },
                                "workers": {
                                    "total": 5.544885945488204,
                                    "count": 352797,
                                    "self": 0.0,
                                    "children": {
                                        "worker_root": {
                                            "total": 8298.027832940152,
                                            "count": 352797,
                                            "is_parallel": true,
                                            "self": 1427.722535691959,
                                            "children": {
                                                "run_training.setup": {
                                                    "total": 0.0,
                                                    "count": 0,
                                                    "is_parallel": true,
                                                    "self": 0.0,
                                                    "children": {
                                                        "steps_from_proto": {
                                                            "total": 0.0012506820021371823,
                                                            "count": 1,
                                                            "is_parallel": true,
                                                            "self": 0.0005569710010604467,
                                                            "children": {
                                                                "_process_vector_observation": {
                                                                    "total": 0.0006937110010767356,
                                                                    "count": 4,
                                                                    "is_parallel": true,
                                                                    "self": 0.0006937110010767356
                                                                }
                                                            }
                                                        },
                                                        "UnityEnvironment.step": {
                                                            "total": 0.04143142400062061,
                                                            "count": 1,
                                                            "is_parallel": true,
                                                            "self": 0.00026268000146956183,
                                                            "children": {
                                                                "UnityEnvironment._generate_step_input": {
                                                                    "total": 0.00014350999845191836,
                                                                    "count": 1,
                                                                    "is_parallel": true,
                                                                    "self": 0.00014350999845191836
                                                                },
                                                                "communicator.exchange": {
                                                                    "total": 0.04005290300119668,
                                                                    "count": 1,