{
    "name": "root",
    "gauges": {
        "Thesis.Policy.Entropy.mean": {
            "value": 0.4069991409778595,
            "min": 0.28266456723213196,
            "max": 9.695223808288574,
            "count": 500
        },
        "Thesis.Policy.ExtrinsicValueEstimate.mean": {
            "value": 1.8629512786865234,
            "min": -0.2750745117664337,
            "max": 1.9075543880462646,
            "count": 500
        },
        "Thesis.Losses.ValueLoss.mean": {
            "value": 0.13819332420825958,
            "min": 0.008100138045847416,
            "max": 0.2020186185836792,
            "count": 500
        },
        "Thesis.Losses.PolicyLoss.mean": {
            "value": 0.020449858158826828,
            "min": 0.008679687976837158,
            "max": 0.028743423521518707,
            "count": 500
        },
        "Thesis.Policy.LearningRate.mean": {
            "value": 3.316960714982997e-07,
            "min": 3.316960714982997e-07,
            "max": 0.0002996506809722632,
            "count": 500
        },
        "Thesis.Policy.Epsilon.mean": {
            "value": 0.10011053085327148,
            "min": 0.10011053085327148,
            "max": 0.19988355040550232,
            "count": 500
        },
        "Thesis.Policy.Beta.mean": {
            "value": 1.0541606570768636e-05,
            "min": 1.0541606570768636e-05,
            "max": 0.0004994294722564518,
            "count": 500
        },
        "Thesis.Environment.EpisodeLength.mean": {
            "value": 999.0,
            "min": 966.9090909090909,
            "max": 999.0,
            "count": 500
        },
        "Thesis.Environment.CumulativeReward.mean": {
            "value": 18.66666863548259,
            "min": -0.41666663189729053,
            "max": 20.652852034196258,
            "count": 500
        },
        "Thesis.Policy.ExtrinsicReward.mean": {
            "value": 18.66666863548259,
            "min": -0.41666663189729053,
            "max": 20.652852034196258,
            "count": 500
        },
        "Thesis.IsTraining.mean": {
            "value": 1.0,
            "min": 1.0,
            "max": 1.0,
            "count": 500
        }
    },
    "metadata": {
        "timer_format_version": "0.1.0",
        "start_time_seconds": "1605652493",
        "python_version": "3.6.9 (default, Apr 18 2020, 01:56:04) \n[GCC 8.4.0]",
        "command_line_arguments": "/usr/local/bin/mlagents-learn Thesis.yaml --run-id=final/3.4v2",
        "mlagents_version": "0.18.0",
        "mlagents_envs_version": "0.18.0",
        "communication_protocol_version": "1.0.0",
        "tensorflow_version": "1.14.0",
        "end_time_seconds": "1605680454"
    },
    "total": 27961.026904125003,
    "count": 1,
    "self": 0.013140531002136413,
    "children": {
        "run_training.setup": {
            "total": 0.023870236999982808,
            "count": 1,
            "self": 0.023870236999982808
        },
        "TrainerController.start_learning": {
            "total": 27960.989893357,
            "count": 1,
            "self": 641.3064563628577,
            "children": {
                "TrainerController._reset_env": {
                    "total": 3.8638636370000086,
                    "count": 1,
                    "self": 3.8638636370000086
                },
                "TrainerController.advance": {
                    "total": 27315.313038124143,
                    "count": 2335720,
                    "self": 31.119066459050373,
                    "children": {
                        "env_step": {
                            "total": 27284.193971665092,
                            "count": 2335720,
                            "self": 23667.31489325592,
                            "children": {
                                "SubprocessEnvManager._take_step": {
                                    "total": 3584.6851998407496,
                                    "count": 2335720,
                                    "self": 64.8581453588713,
                                    "children": {
                                        "NNPolicy.evaluate": {
                                            "total": 3519.8270544818783,
                                            "count": 2335709,
                                            "self": 3519.8270544818783
                                        }
                                    }
                                },
                                "workers": {
                                    "total": 32.19387856842468,
                                    "count": 2335720,
                                    "self": 0.0,
                                    "children": {
                                        "worker_root": {
                                            "total": 27859.64011040109,
                                            "count": 2335720,
                                            "is_parallel": true,
                                            "self": 7045.022950990206,
                                            "children": {
                                                "run_training.setup": {
                                                    "total": 0.0,
                                                    "count": 0,
                                                    "is_parallel": true,
                                                    "self": 0.0,
                                                    "children": {
                                                        "steps_from_proto": {
                                                            "total": 0.0014092039999695771,
                                                            "count": 1,
                                                            "is_parallel": true,
                                                            "self": 0.0009317470000951289,
                                                            "children": {
                                                                "_process_vector_observation": {
                                                                    "total": 0.00047745699987444823,
                                                                    "count": 10,
                                                                    "is_parallel": true,
                                                                    "self": 0.00047745699987444823
                                                                }
                                                            }
                                                        },
                                                        "UnityEnvironment.step": {
                                                            "total": 0.037512810000066565,
                                                            "count": 1,
                                                            "is_parallel": true,
                                                            "self": 0.0004915880000453399,
                                                            "children": {
                                                                "UnityEnvironment._generate_step_input": {
                                                                    "total": 0.00016339900003004004,
                                                                    "count": 1,
                                                                    "is_parallel": true,
                                                                    "self": 0.00016339900003004004
                                                                },
                                                                "communicator.exchange": {
                                                                    "total": 0.03411791600001379,
                                                                    "count": 1,