{
    "name": "root",
    "gauges": {
        "Thesis.Policy.Entropy.mean": {
            "value": 1.4951521158218384,
            "min": 1.453790545463562,
            "max": 9.688641548156738,
            "count": 246
        },
        "Thesis.Policy.ExtrinsicValueEstimate.mean": {
            "value": 0.8579432368278503,
            "min": -0.3951227068901062,
            "max": 1.4336766004562378,
            "count": 246
        },
        "Thesis.Losses.ValueLoss.mean": {
            "value": 0.09103969484567642,
            "min": 0.006142415571957827,
            "max": 0.15100955963134766,
            "count": 246
        },
        "Thesis.Losses.PolicyLoss.mean": {
            "value": 0.018205711618065834,
            "min": 0.0082424720749259,
            "max": 0.03158721327781677,
            "count": 246
        },
        "Thesis.Policy.LearningRate.mean": {
            "value": 0.00015268201241269708,
            "min": 0.00015268201241269708,
            "max": 0.0002996506809722632,
            "count": 246
        },
        "Thesis.Policy.Epsilon.mean": {
            "value": 0.15089397132396698,
            "min": 0.15089397132396698,
            "max": 0.19988355040550232,
            "count": 246
        },
        "Thesis.Policy.Beta.mean": {
            "value": 0.0005138504784554243,
            "min": 0.0005138504784554243,
            "max": 0.000998847302980721,
            "count": 246
        },
        "Thesis.Environment.EpisodeLength.mean": {
            "value": 999.0,
            "min": 998.625,
            "max": 999.0,
            "count": 246
        },
        "Thesis.Environment.CumulativeReward.mean": {
            "value": 9.500004621843496,
            "min": -4.083332933485508,
            "max": 15.250006566445032,
            "count": 246
        },
        "Thesis.Policy.ExtrinsicReward.mean": {
            "value": 9.500004621843496,
            "min": -4.083332933485508,
            "max": 15.250006566445032,
            "count": 246
        },
        "Thesis.IsTraining.mean": {
            "value": 1.0,
            "min": 1.0,
            "max": 1.0,
            "count": 246
        }
    },
    "metadata": {
        "timer_format_version": "0.1.0",
        "start_time_seconds": "1604566972",
        "python_version": "3.6.9 (default, Apr 18 2020, 01:56:04) \n[GCC 8.4.0]",
        "command_line_arguments": "/usr/local/bin/mlagents-learn Thesis.yaml --run-id=final_3.3v2",
        "mlagents_version": "0.18.0",
        "mlagents_envs_version": "0.18.0",
        "communication_protocol_version": "1.0.0",
        "tensorflow_version": "1.14.0",
        "end_time_seconds": "1604578334"
    },
    "total": 11362.242880235,
    "count": 1,
    "self": 0.003640189001089311,
    "children": {
        "run_training.setup": {
            "total": 0.023240716999993083,
            "count": 1,
            "self": 0.023240716999993083
        },
        "TrainerController.start_learning": {
            "total": 11362.215999328999,
            "count": 1,
            "self": 203.54294095749174,
            "children": {
                "TrainerController._reset_env": {
                    "total": 4.518302270999982,
                    "count": 1,
                    "self": 4.518302270999982
                },
                "TrainerController.advance": {
                    "total": 11153.656876237506,
                    "count": 616096,
                    "self": 8.284013260776192,
                    "children": {
                        "env_step": {
                            "total": 11145.37286297673,
                            "count": 616096,
                            "self": 10097.429210422746,
                            "children": {
                                "SubprocessEnvManager._take_step": {
                                    "total": 1039.334043775257,
                                    "count": 616096,
                                    "self": 18.43020497798409,
                                    "children": {
                                        "NNPolicy.evaluate": {
                                            "total": 1020.9038387972729,
                                            "count": 616096,
                                            "self": 1020.9038387972729
                                        }
                                    }
                                },
                                "workers": {
                                    "total": 8.609608778727392,
                                    "count": 616095,
                                    "self": 0.0,
                                    "children": {
                                        "worker_root": {
                                            "total": 11332.374434445806,
                                            "count": 616095,
                                            "is_parallel": true,
                                            "self": 2100.008227685954,
                                            "children": {
                                                "run_training.setup": {
                                                    "total": 0.0,
                                                    "count": 0,
                                                    "is_parallel": true,
                                                    "self": 0.0,
                                                    "children": {
                                                        "steps_from_proto": {
                                                            "total": 0.0015874860000053559,
                                                            "count": 1,
                                                            "is_parallel": true,
                                                            "self": 0.000957518000006985,
                                                            "children": {
                                                                "_process_vector_observation": {
                                                                    "total": 0.0006299679999983709,
                                                                    "count": 10,
                                                                    "is_parallel": true,
                                                                    "self": 0.0006299679999983709
                                                                }
                                                            }
                                                        },
                                                        "UnityEnvironment.step": {
                                                            "total": 0.03032232600000384,
                                                            "count": 1,
                                                            "is_parallel": true,
                                                            "self": 0.0003758779999998296,
                                                            "children": {
                                                                "UnityEnvironment._generate_step_input": {
                                                                    "total": 0.00016748999999549596,
                                                                    "count": 1,
                                                                    "is_parallel": true,
                                                                    "self": 0.00016748999999549596
                                                                },
                                                                "communicator.exchange": {
                                                                    "total": 0.027724210999991783,
                                                                    "count": 1,