{
    "name": "root",
    "gauges": {
        "Thesis.Policy.Entropy.mean": {
            "value": 0.48462000489234924,
            "min": 0.48462000489234924,
            "max": 9.679435729980469,
            "count": 233
        },
        "Thesis.Policy.ExtrinsicValueEstimate.mean": {
            "value": 1.8007380962371826,
            "min": -0.07507530599832535,
            "max": 2.013777256011963,
            "count": 233
        },
        "Thesis.Losses.ValueLoss.mean": {
            "value": 0.1335572898387909,
            "min": 0.0065516093745827675,
            "max": 0.14705665409564972,
            "count": 233
        },
        "Thesis.Losses.PolicyLoss.mean": {
            "value": 0.014553265646100044,
            "min": 0.009508955292403698,
            "max": 0.03461591526865959,
            "count": 233
        },
        "Thesis.Policy.LearningRate.mean": {
            "value": 0.00016047488315962255,
            "min": 0.00016047488315962255,
            "max": 0.0002996506809722632,
            "count": 233
        },
        "Thesis.Policy.Epsilon.mean": {
            "value": 0.15349163115024567,
            "min": 0.15349163115024567,
            "max": 0.19988355040550232,
            "count": 233
        },
        "Thesis.Policy.Beta.mean": {
            "value": 0.0005395669140852988,
            "min": 0.0005395669140852988,
            "max": 0.000998847302980721,
            "count": 233
        },
        "Thesis.Environment.EpisodeLength.mean": {
            "value": 999.0,
            "min": 979.1111111111111,
            "max": 999.0,
            "count": 233
        },
        "Thesis.Environment.CumulativeReward.mean": {
            "value": 19.11111336449782,
            "min": -0.4166666120290756,
            "max": 21.138301756232977,
            "count": 233
        },
        "Thesis.Policy.ExtrinsicReward.mean": {
            "value": 19.11111336449782,
            "min": -0.4166666120290756,
            "max": 21.138301756232977,
            "count": 233
        },
        "Thesis.IsTraining.mean": {
            "value": 1.0,
            "min": 1.0,
            "max": 1.0,
            "count": 233
        }
    },
    "metadata": {
        "timer_format_version": "0.1.0",
        "start_time_seconds": "1604393940",
        "python_version": "3.6.9 (default, Apr 18 2020, 01:56:04) \n[GCC 8.4.0]",
        "command_line_arguments": "/usr/local/bin/mlagents-learn Thesis.yaml --run-id=final_3.2",
        "mlagents_version": "0.18.0",
        "mlagents_envs_version": "0.18.0",
        "communication_protocol_version": "1.0.0",
        "tensorflow_version": "1.14.0",
        "end_time_seconds": "1604408595"
    },
    "total": 14654.691059035,
    "count": 1,
    "self": 0.004086135999386897,
    "children": {
        "run_training.setup": {
            "total": 0.019097613999974783,
            "count": 1,
            "self": 0.019097613999974783
        },
        "TrainerController.start_learning": {
            "total": 14654.667875285,
            "count": 1,
            "self": 350.1688898748798,
            "children": {
                "TrainerController._reset_env": {
                    "total": 4.479754565000121,
                    "count": 1,
                    "self": 4.479754565000121
                },
                "TrainerController.advance": {
                    "total": 14299.47248357612,
                    "count": 1206074,
                    "self": 17.440091556716652,
                    "children": {
                        "env_step": {
                            "total": 14282.032392019404,
                            "count": 1206074,
                            "self": 12245.862822426947,
                            "children": {
                                "SubprocessEnvManager._take_step": {
                                    "total": 2017.8878986863756,
                                    "count": 1206074,
                                    "self": 36.26197986603074,
                                    "children": {
                                        "NNPolicy.evaluate": {
                                            "total": 1981.6259188203449,
                                            "count": 1206069,
                                            "self": 1981.6259188203449
                                        }
                                    }
                                },
                                "workers": {
                                    "total": 18.281670906081445,
                                    "count": 1206073,
                                    "self": 0.0,
                                    "children": {
                                        "worker_root": {
                                            "total": 14599.631769985384,
                                            "count": 1206073,
                                            "is_parallel": true,
                                            "self": 3909.0364082020315,
                                            "children": {
                                                "run_training.setup": {
                                                    "total": 0.0,
                                                    "count": 0,
                                                    "is_parallel": true,
                                                    "self": 0.0,
                                                    "children": {
                                                        "steps_from_proto": {
                                                            "total": 0.0018262020000747725,
                                                            "count": 1,
                                                            "is_parallel": true,
                                                            "self": 0.0007894109999142529,
                                                            "children": {
                                                                "_process_vector_observation": {
                                                                    "total": 0.0010367910001605196,
                                                                    "count": 10,
                                                                    "is_parallel": true,
                                                                    "self": 0.0010367910001605196
                                                                }
                                                            }
                                                        },
                                                        "UnityEnvironment.step": {
                                                            "total": 0.028649591999965196,
                                                            "count": 1,
                                                            "is_parallel": true,
                                                            "self": 0.000251120999791965,
                                                            "children": {
                                                                "UnityEnvironment._generate_step_input": {
                                                                    "total": 0.000168510000094102,
                                                                    "count": 1,
                                                                    "is_parallel": true,
                                                                    "self": 0.000168510000094102
                                                                },
                                                                "communicator.exchange": {
                                                                    "total": 0.02689346000011028,
                                                                    "count": 1,