{"count":1,"self":2392.8496127999997,"total":9216.205116,"children":{"InitializeActuators":{"count":20,"self":0.002809,"total":0.002809,"children":null},"InitializeSensors":{"count":20,"self":0.0029389999999999998,"total":0.0029389999999999998,"children":null},"AgentSendState":{"count":1250667,"self":587.35421439999993,"total":2388.198288,"children":{"CollectObservations":{"count":5002661,"self":151.9162112,"total":151.916212,"children":null},"CollectDiscreteActionMasks":{"count":5002661,"self":143.3058048,"total":143.305811,"children":null},"RequestDecision":{"count":5002661,"self":339.963264,"total":1505.622026,"children":{"AgentInfo.ToProto":{"count":5002661,"self":300.9884416,"total":1165.658772,"children":{"GenerateSensorData":{"count":5002661,"self":370.2063616,"total":864.6703369999999,"children":{"RayPerceptionSensor.Perceive":{"count":5002661,"self":494.46394879999997,"total":494.46397199999996,"children":null}}}}}}}}},"DecideAction":{"count":1250667,"self":3814.7022847999997,"total":3814.7021109999996,"children":null},"AgentAct":{"count":1250667,"self":619.33475839999994,"total":620.448315,"children":{"AgentInfo.ToProto":{"count":5000,"self":0.30592199999999997,"total":1.113578,"children":{"GenerateSensorData":{"count":5000,"self":0.38781499999999997,"total":0.80765599999999993,"children":{"RayPerceptionSensor.Perceive":{"count":5000,"self":0.41984099999999996,"total":0.41984099999999996,"children":null}}}}}}}},"gauges":{"Thesis.CumulativeReward":{"count":5000,"max":24.00034,"min":-3.500164,"runningAverage":15.0278,"value":23.9987335,"weightedAverage":19.9989166}},"metadata":{"timer_format_version":"0.1.0","start_time_seconds":"1607778537","unity_version":"2019.4.16f1","command_line_arguments":"\/home\/kuba\/unity_projects\/2019.4.16f1\/Editor\/Unity -projectpath \/home\/kuba\/Studia\/inżynierka\/thesis-ai-in-games\/thesis -useHub -hubIPC -cloudEnvironment production -hubSessionId 4a2f10d0-3c54-11eb-b0f2-35739b0ba661 -accessToken g5X-Z5J-7sy9372WVUuM95jMPgp0v3cwpdeFgWcsHCk007f","communication_protocol_version":"1.2.0","com.unity.ml-agents_version":"1.6.0-preview","scene_name":"MultiBrainAgent","end_time_seconds":"1607787753"}}