{
    "name": "root",
    "gauges": {
        "Thesis.Policy.Entropy.mean": {
            "value": 8.083800315856934,
            "min": 8.083800315856934,
            "max": 9.130870819091797,
            "count": 29
        },
        "Thesis.Policy.ExtrinsicValueEstimate.mean": {
            "value": -0.8297299742698669,
            "min": -2.906459093093872,
            "max": 0.9582946300506592,
            "count": 29
        },
        "Thesis.Losses.ValueLoss.mean": {
            "value": 0.14043807983398438,
            "min": 0.05683615431189537,
            "max": 0.964914083480835,
            "count": 29
        },
        "Thesis.Losses.PolicyLoss.mean": {
            "value": 0.017622921615839005,
            "min": 0.015328997746109962,
            "max": 0.029388772323727608,
            "count": 29
        },
        "Thesis.Policy.LearningRate.mean": {
            "value": 0.00028285267762839794,
            "min": 0.00028285267762839794,
            "max": 0.0002996506809722632,
            "count": 29
        },
        "Thesis.Policy.Epsilon.mean": {
            "value": 0.19428421556949615,
            "min": 0.19428421556949615,
            "max": 0.19988355040550232,
            "count": 29
        },
        "Thesis.Policy.Beta.mean": {
            "value": 0.00047199265100061893,
            "min": 0.00047199265100061893,
            "max": 0.0004994294722564518,
            "count": 29
        },
        "Thesis.Environment.EpisodeLength.mean": {
            "value": 999.0,
            "min": 998.625,
            "max": 999.0,
            "count": 29
        },
        "Thesis.Environment.CumulativeReward.mean": {
            "value": -0.2499998826533556,
            "min": -0.499999962747097,
            "max": 0.4166669162611167,
            "count": 29
        },
        "Thesis.Policy.ExtrinsicReward.mean": {
            "value": -0.2499998826533556,
            "min": -0.499999962747097,
            "max": 0.4166669162611167,
            "count": 29
        },
        "Thesis.IsTraining.mean": {
            "value": 1.0,
            "min": 1.0,
            "max": 1.0,
            "count": 29
        }
    },
    "metadata": {
        "timer_format_version": "0.1.0",
        "start_time_seconds": "1605525787",
        "python_version": "3.6.9 (default, Apr 18 2020, 01:56:04) \n[GCC 8.4.0]",
        "command_line_arguments": "/usr/local/bin/mlagents-learn Thesis.yaml --run-id=position_information/3.5",
        "mlagents_version": "0.18.0",
        "mlagents_envs_version": "0.18.0",
        "communication_protocol_version": "1.0.0",
        "tensorflow_version": "1.14.0",
        "end_time_seconds": "1605526761"
    },
    "total": 973.3132296660006,
    "count": 1,
    "self": 0.0036107760006416356,
    "children": {
        "run_training.setup": {
            "total": 0.01825709500008088,
            "count": 1,
            "self": 0.01825709500008088
        },
        "TrainerController.start_learning": {
            "total": 973.2913617949998,
            "count": 1,
            "self": 30.648638117034352,
            "children": {
                "TrainerController._reset_env": {
                    "total": 3.517576406000444,
                    "count": 1,
                    "self": 3.517576406000444
                },
                "TrainerController.advance": {
                    "total": 938.5105101849658,
                    "count": 73757,
                    "self": 1.0844073306452628,
                    "children": {
                        "env_step": {
                            "total": 937.4261028543206,
                            "count": 73757,
                            "self": 810.2130526520505,
                            "children": {
                                "SubprocessEnvManager._take_step": {
                                    "total": 125.99335077323303,
                                    "count": 73757,
                                    "self": 2.5004691930535046,
                                    "children": {
                                        "NNPolicy.evaluate": {
                                            "total": 123.49288158017953,
                                            "count": 73757,
                                            "self": 123.49288158017953
                                        }
                                    }
                                },
                                "workers": {
                                    "total": 1.219699429037064,
                                    "count": 73756,
                                    "self": 0.0,
                                    "children": {
                                        "worker_root": {
                                            "total": 969.0080559602284,
                                            "count": 73756,
                                            "is_parallel": true,
                                            "self": 263.18913071310817,
                                            "children": {
                                                "run_training.setup": {
                                                    "total": 0.0,
                                                    "count": 0,
                                                    "is_parallel": true,
                                                    "self": 0.0,
                                                    "children": {
                                                        "steps_from_proto": {
                                                            "total": 0.0009767230003490113,
                                                            "count": 1,
                                                            "is_parallel": true,
                                                            "self": 0.0005506819998117862,
                                                            "children": {
                                                                "_process_vector_observation": {
                                                                    "total": 0.00042604100053722505,
                                                                    "count": 2,
                                                                    "is_parallel": true,
                                                                    "self": 0.00042604100053722505
                                                                }
                                                            }
                                                        },
                                                        "UnityEnvironment.step": {
                                                            "total": 0.024848173999998835,
                                                            "count": 1,
                                                            "is_parallel": true,
                                                            "self": 0.0001770510007190751,
                                                            "children": {
                                                                "UnityEnvironment._generate_step_input": {
                                                                    "total": 0.00015759999951114878,
                                                                    "count": 1,
                                                                    "is_parallel": true,
                                                                    "self": 0.00015759999951114878
                                                                },
                                                                "communicator.exchange": {
                                                                    "total": 0.02389051099999051,
                                                                    "count": 1,