{
    "name": "root",
    "gauges": {
        "Thesis.Policy.Entropy.mean": {
            "value": 0.030490633100271225,
            "min": 0.015481691807508469,
            "max": 1.3850432634353638,
            "count": 928
        },
        "Thesis.Policy.ExtrinsicValueEstimate.mean": {
            "value": 1.5878199338912964,
            "min": 0.015920914709568024,
            "max": 3.250211000442505,
            "count": 928
        },
        "Thesis.IsTraining.mean": {
            "value": 1.0,
            "min": 1.0,
            "max": 1.0,
            "count": 928
        },
        "Thesis.Losses.ValueLoss.mean": {
            "value": 0.11905929446220398,
            "min": 0.0073093450628221035,
            "max": 0.2675943970680237,
            "count": 441
        },
        "Thesis.Losses.PolicyLoss.mean": {
            "value": 0.026983920484781265,
            "min": 0.017303843051195145,
            "max": 0.032684314996004105,
            "count": 441
        },
        "Thesis.Policy.LearningRate.mean": {
            "value": 2.216613938799128e-05,
            "min": 2.216613938799128e-05,
            "max": 0.00029935489874333143,
            "count": 441
        },
        "Thesis.Policy.Epsilon.mean": {
            "value": 0.10738866776227951,
            "min": 0.10738866776227951,
            "max": 0.1997850090265274,
            "count": 441
        },
        "Thesis.Policy.Beta.mean": {
            "value": 1.66498139151372e-05,
            "min": 1.66498139151372e-05,
            "max": 9.980647882912308e-05,
            "count": 441
        },
        "Thesis.Environment.EpisodeLength.mean": {
            "value": 999.0,
            "min": 986.3181818181819,
            "max": 999.0,
            "count": 556
        },
        "Thesis.Environment.CumulativeReward.mean": {
            "value": 12.22222410528748,
            "min": -1.4999999701976776,
            "max": 25.00000250339508,
            "count": 688
        },
        "Thesis.Policy.ExtrinsicReward.mean": {
            "value": 12.22222410528748,
            "min": -1.4999999701976776,
            "max": 25.00000250339508,
            "count": 688
        }
    },
    "metadata": {
        "timer_format_version": "0.1.0",
        "start_time_seconds": "1603984641",
        "python_version": "3.6.9 (default, Apr 18 2020, 01:56:04) \n[GCC 8.4.0]",
        "command_line_arguments": "/usr/local/bin/mlagents-learn Thesis.yaml --run-id=MultiBrainAgent_10msteps_badfood_withScout_4arenas_sizeOfMemory10_v12",
        "mlagents_version": "0.18.0",
        "mlagents_envs_version": "0.18.0",
        "communication_protocol_version": "1.0.0",
        "tensorflow_version": "1.14.0",
        "end_time_seconds": "1603999511"
    },
    "total": 14869.987478081002,
    "count": 1,
    "self": 0.0035572239976318087,
    "children": {
        "run_training.setup": {
            "total": 0.017574224002601113,
            "count": 1,
            "self": 0.017574224002601113
        },
        "TrainerController.start_learning": {
            "total": 14869.966346633002,
            "count": 1,
            "self": 323.59255578992816,
            "children": {
                "TrainerController._reset_env": {
                    "total": 5.16074540399859,
                    "count": 1,
                    "self": 5.16074540399859
                },
                "TrainerController.advance": {
                    "total": 14541.041446824082,
                    "count": 596967,
                    "self": 8.54746678893207,
                    "children": {
                        "env_step": {
                            "total": 14532.49398003515,
                            "count": 596967,
                            "self": 13522.784722063876,
                            "children": {
                                "SubprocessEnvManager._take_step": {
                                    "total": 1000.4453774096728,
                                    "count": 596967,
                                    "self": 22.664371777849738,
                                    "children": {
                                        "NNPolicy.evaluate": {
                                            "total": 977.7810056318231,
                                            "count": 596966,
                                            "self": 977.7810056318231
                                        }
                                    }
                                },
                                "workers": {
                                    "total": 9.263880561600672,
                                    "count": 596966,
                                    "self": 0.0,
                                    "children": {
                                        "worker_root": {
                                            "total": 14843.710835763235,
                                            "count": 596966,
                                            "is_parallel": true,
                                            "self": 2553.0825357842405,
                                            "children": {
                                                "run_training.setup": {
                                                    "total": 0.0,
                                                    "count": 0,
                                                    "is_parallel": true,
                                                    "self": 0.0,
                                                    "children": {
                                                        "steps_from_proto": {
                                                            "total": 0.0005654499982483685,
                                                            "count": 1,
                                                            "is_parallel": true,
                                                            "self": 0.0002422700054012239,
                                                            "children": {
                                                                "_process_vector_observation": {
                                                                    "total": 0.0003231799928471446,
                                                                    "count": 4,
                                                                    "is_parallel": true,
                                                                    "self": 0.0003231799928471446
                                                                }
                                                            }
                                                        },
                                                        "UnityEnvironment.step": {
                                                            "total": 0.05665085399959935,
                                                            "count": 1,
                                                            "is_parallel": true,
                                                            "self": 0.00047962999451556243,
                                                            "children": {
                                                                "UnityEnvironment._generate_step_input": {
                                                                    "total": 0.00014201000158209354,
                                                                    "count": 1,
                                                                    "is_parallel": true,
                                                                    "self": 0.00014201000158209354
                                                                },
                                                                "communicator.exchange": {
                                                                    "total": 0.05398728400177788,