{
    "name": "root",
    "gauges": {
        "Thesis.Policy.Entropy.mean": {
            "value": 0.03222455829381943,
            "min": 0.02680135704576969,
            "max": 1.3858178853988647,
            "count": 500
        },
        "Thesis.Policy.ExtrinsicValueEstimate.mean": {
            "value": 2.094839334487915,
            "min": -0.061225634068250656,
            "max": 2.3230161666870117,
            "count": 500
        },
        "Thesis.Losses.ValueLoss.mean": {
            "value": 0.19134937226772308,
            "min": 0.004000749439001083,
            "max": 0.43676766753196716,
            "count": 500
        },
        "Thesis.Losses.PolicyLoss.mean": {
            "value": 0.020955171436071396,
            "min": 0.010000043548643589,
            "max": 0.035080958157777786,
            "count": 500
        },
        "Thesis.Policy.LearningRate.mean": {
            "value": 2.841100865680346e-07,
            "min": 2.841100865680346e-07,
            "max": 0.00029969282331876457,
            "count": 500
        },
        "Thesis.Policy.Epsilon.mean": {
            "value": 0.10009466856718063,
            "min": 0.10009466856718063,
            "max": 0.19989760220050812,
            "count": 500
        },
        "Thesis.Policy.Beta.mean": {
            "value": 1.0937233128061052e-05,
            "min": 1.0937233128061052e-05,
            "max": 0.0009989863028749824,
            "count": 500
        },
        "Thesis.IsTraining.mean": {
            "value": 1.0,
            "min": 1.0,
            "max": 1.0,
            "count": 500
        },
        "Thesis.Environment.EpisodeLength.mean": {
            "value": 998.0,
            "min": 654.0,
            "max": 999.0,
            "count": 410
        },
        "Thesis.Environment.CumulativeReward.mean": {
            "value": 18.501001082360744,
            "min": -0.4999998193234205,
            "max": 24.345202028751373,
            "count": 410
        },
        "Thesis.Policy.ExtrinsicReward.mean": {
            "value": 18.501001082360744,
            "min": -0.4999998193234205,
            "max": 24.345202028751373,
            "count": 410
        }
    },
    "metadata": {
        "timer_format_version": "0.1.0",
        "start_time_seconds": "1606466453",
        "python_version": "3.6.9 (default, Apr 18 2020, 01:56:04) \n[GCC 8.4.0]",
        "command_line_arguments": "/usr/local/bin/mlagents-learn Thesis.yaml --run-id=bad_food_without_position/1.0v2",
        "mlagents_version": "0.18.0",
        "mlagents_envs_version": "0.18.0",
        "communication_protocol_version": "1.0.0",
        "tensorflow_version": "1.14.0",
        "end_time_seconds": "1606477453"
    },
    "total": 11000.158767523,
    "count": 1,
    "self": 0.016306669000186957,
    "children": {
        "run_training.setup": {
            "total": 0.02561064899998655,
            "count": 1,
            "self": 0.02561064899998655
        },
        "TrainerController.start_learning": {
            "total": 11000.116850205,
            "count": 1,
            "self": 280.5268232209637,
            "children": {
                "TrainerController._reset_env": {
                    "total": 11.108479010999986,
                    "count": 1,
                    "self": 11.108479010999986
                },
                "TrainerController.advance": {
                    "total": 10708.318112153038,
                    "count": 679585,
                    "self": 9.251485295786551,
                    "children": {
                        "env_step": {
                            "total": 10699.066626857251,
                            "count": 679585,
                            "self": 9880.97568297844,
                            "children": {
                                "SubprocessEnvManager._take_step": {
                                    "total": 807.9388374517307,
                                    "count": 679585,
                                    "self": 21.987294438722415,
                                    "children": {
                                        "NNPolicy.evaluate": {
                                            "total": 785.9515430130083,
                                            "count": 679559,
                                            "self": 785.9515430130083
                                        }
                                    }
                                },
                                "workers": {
                                    "total": 10.152106427080753,
                                    "count": 679585,
                                    "self": 0.0,
                                    "children": {
                                        "worker_root": {
                                            "total": 10970.471634643402,
                                            "count": 679585,
                                            "is_parallel": true,
                                            "self": 2091.162485516712,
                                            "children": {
                                                "run_training.setup": {
                                                    "total": 0.0,
                                                    "count": 0,
                                                    "is_parallel": true,
                                                    "self": 0.0,
                                                    "children": {
                                                        "steps_from_proto": {
                                                            "total": 0.0010840360000656801,
                                                            "count": 1,
                                                            "is_parallel": true,
                                                            "self": 0.0008032470000216563,
                                                            "children": {
                                                                "_process_vector_observation": {
                                                                    "total": 0.00028078900004402385,
                                                                    "count": 2,
                                                                    "is_parallel": true,
                                                                    "self": 0.00028078900004402385
                                                                }
                                                            }
                                                        },
                                                        "UnityEnvironment.step": {
                                                            "total": 0.04341682699998728,
                                                            "count": 1,
                                                            "is_parallel": true,
                                                            "self": 0.0005458279999857041,
                                                            "children": {
                                                                "UnityEnvironment._generate_step_input": {
                                                                    "total": 0.0001546590000316428,
                                                                    "count": 1,
                                                                    "is_parallel": true,
                                                                    "self": 0.0001546590000316428
                                                                },
                                                                "communicator.exchange": {
                                                                    "total": 0.04041558900007658,
                                                                    "count": 1,