{
    "name": "root",
    "gauges": {
        "Thesis.Policy.Entropy.mean": {
            "value": 0.056853435933589935,
            "min": 0.04423409700393677,
            "max": 1.3841978311538696,
            "count": 441
        },
        "Thesis.Policy.ExtrinsicValueEstimate.mean": {
            "value": 1.2731249332427979,
            "min": -0.3079702854156494,
            "max": 1.6769534349441528,
            "count": 441
        },
        "Thesis.Losses.ValueLoss.mean": {
            "value": 0.40887072682380676,
            "min": 0.0037705458234995604,
            "max": 0.7301849722862244,
            "count": 441
        },
        "Thesis.Losses.PolicyLoss.mean": {
            "value": 0.015308463014662266,
            "min": 0.009233768098056316,
            "max": 0.030254093930125237,
            "count": 441
        },
        "Thesis.Policy.LearningRate.mean": {
            "value": 3.569403270375915e-05,
            "min": 3.569403270375915e-05,
            "max": 0.00029969282331876457,
            "count": 441
        },
        "Thesis.Policy.Epsilon.mean": {
            "value": 0.11189798265695572,
            "min": 0.11189798265695572,
            "max": 0.19989760220050812,
            "count": 441
        },
        "Thesis.Policy.Beta.mean": {
            "value": 0.00012779003009200096,
            "min": 0.00012779003009200096,
            "max": 0.0009989863028749824,
            "count": 441
        },
        "Thesis.IsTraining.mean": {
            "value": 1.0,
            "min": 1.0,
            "max": 1.0,
            "count": 441
        },
        "Thesis.TotalScore.mean": {
            "value": 14.55662727355957,
            "min": -3.6043732166290283,
            "max": 18.226648330688477,
            "count": 264
        },
        "Thesis.Environment.EpisodeLength.mean": {
            "value": 999.0,
            "min": 998.05,
            "max": 999.0,
            "count": 220
        },
        "Thesis.Environment.CumulativeReward.mean": {
            "value": 11.750001646578312,
            "min": -0.4990499526262283,
            "max": 17.500001933425665,
            "count": 220
        },
        "Thesis.Policy.ExtrinsicReward.mean": {
            "value": 11.750001646578312,
            "min": -0.4990499526262283,
            "max": 17.500001933425665,
            "count": 220
        }
    },
    "metadata": {
        "timer_format_version": "0.1.0",
        "start_time_seconds": "1604484154",
        "python_version": "3.6.9 (default, Apr 18 2020, 01:56:04) \n[GCC 8.4.0]",
        "command_line_arguments": "/usr/local/bin/mlagents-learn Thesis.yaml --run-id=final_1.2",
        "mlagents_version": "0.18.0",
        "mlagents_envs_version": "0.18.0",
        "communication_protocol_version": "1.0.0",
        "tensorflow_version": "1.14.0",
        "end_time_seconds": "1604490618"
    },
    "total": 6463.463494884,
    "count": 1,
    "self": 0.0034219000017401413,
    "children": {
        "run_training.setup": {
            "total": 0.01716805299929547,
            "count": 1,
            "self": 0.01716805299929547
        },
        "TrainerController.start_learning": {
            "total": 6463.442904930999,
            "count": 1,
            "self": 152.51722133505973,
            "children": {
                "TrainerController._reset_env": {
                    "total": 3.5126136959997893,
                    "count": 1,
                    "self": 3.5126136959997893
                },
                "TrainerController.advance": {
                    "total": 6307.255098460939,
                    "count": 220827,
                    "self": 3.448097793136185,
                    "children": {
                        "env_step": {
                            "total": 6303.807000667803,
                            "count": 220827,
                            "self": 5951.564560284414,
                            "children": {
                                "SubprocessEnvManager._take_step": {
                                    "total": 348.7694542309009,
                                    "count": 220827,
                                    "self": 9.468117307732427,
                                    "children": {
                                        "NNPolicy.evaluate": {
                                            "total": 339.3013369231685,
                                            "count": 220827,
                                            "self": 339.3013369231685
                                        }
                                    }
                                },
                                "workers": {
                                    "total": 3.472986152487465,
                                    "count": 220826,
                                    "self": 0.0,
                                    "children": {
                                        "worker_root": {
                                            "total": 6453.531825359225,
                                            "count": 220826,
                                            "is_parallel": true,
                                            "self": 1009.2603697859113,
                                            "children": {
                                                "run_training.setup": {
                                                    "total": 0.0,
                                                    "count": 0,
                                                    "is_parallel": true,
                                                    "self": 0.0,
                                                    "children": {
                                                        "steps_from_proto": {
                                                            "total": 0.0011354329999448964,
                                                            "count": 1,
                                                            "is_parallel": true,
                                                            "self": 0.0005675869997503469,
                                                            "children": {
                                                                "_process_vector_observation": {
                                                                    "total": 0.0005678460001945496,
                                                                    "count": 2,
                                                                    "is_parallel": true,
                                                                    "self": 0.0005678460001945496
                                                                }
                                                            }
                                                        },
                                                        "UnityEnvironment.step": {
                                                            "total": 0.040397828000095615,
                                                            "count": 1,
                                                            "is_parallel": true,
                                                            "self": 0.00044656699992629,
                                                            "children": {
                                                                "UnityEnvironment._generate_step_input": {
                                                                    "total": 0.00013224899976194138,
                                                                    "count": 1,
                                                                    "is_parallel": true,
                                                                    "self": 0.00013224899976194138
                                                                },